model,obs,lead_day,threshold_mm_day,forecast_probability,observed_frequency,count,abs_calibration_gap,weighted_abs_gap,ece
gencast,CHIRPS,1,1,0.0,0.11611553696203658,22469,0.11611553696203658,0.055388077445652176,0.14083729619565216
gencast,CHIRPS,1,1,0.1,0.29903699949315765,3946,0.19903699949315765,0.016673743206521742,0.14083729619565216
gencast,CHIRPS,1,1,0.2,0.3949013949013949,2079,0.1949013949013949,0.008602241847826087,0.14083729619565216
gencast,CHIRPS,1,1,0.3,0.4679715302491103,1686,0.16797153024911032,0.006012228260869565,0.14083729619565216
gencast,CHIRPS,1,1,0.4,0.5292207792207793,1540,0.12922077922077924,0.004224694293478262,0.14083729619565216
gencast,CHIRPS,1,1,0.5,0.5827067669172933,1330,0.08270676691729328,0.0023352581521739147,0.14083729619565216
gencast,CHIRPS,1,1,0.6,0.5909090909090909,1298,0.009090909090909038,0.00025050951086956377,0.14083729619565216
gencast,CHIRPS,1,1,0.7,0.6393312101910829,1256,0.0606687898089171,0.0016176970108695626,0.14083729619565216
gencast,CHIRPS,1,1,0.8,0.6469428007889546,1521,0.15305719921104544,0.004942255434782611,0.14083729619565216
gencast,CHIRPS,1,1,0.9,0.7240608228980322,2236,0.17593917710196783,0.008351732336956522,0.14083729619565216
gencast,CHIRPS,1,1,1.0,0.8026604675190495,7743,0.19733953248095049,0.03243885869565217,0.14083729619565216
gencast,CHIRPS,1,5,0.0,0.06467555447085024,32779,0.06467555447085024,0.04500679347826087,0.10416525135869564
gencast,CHIRPS,1,5,0.1,0.29383060299756014,2869,0.19383060299756014,0.011805791440217392,0.10416525135869564
gencast,CHIRPS,1,5,0.2,0.33799392097264436,1645,0.13799392097264435,0.004819123641304346,0.10416525135869564
gencast,CHIRPS,1,5,0.3,0.42673107890499196,1242,0.12673107890499197,0.003341542119565218,0.10416525135869564
gencast,CHIRPS,1,5,0.4,0.44655797101449274,1104,0.046557971014492716,0.001091202445652173,0.10416525135869564
gencast,CHIRPS,1,5,0.5,0.5004955401387512,1009,0.0004955401387511937,1.061480978260773e-05,0.10416525135869564
gencast,CHIRPS,1,5,0.6,0.4893162393162393,936,0.11068376068376068,0.0021993885869565216,0.10416525135869564
gencast,CHIRPS,1,5,0.7,0.5218855218855218,891,0.17811447811447811,0.003369140625,0.10416525135869564
gencast,CHIRPS,1,5,0.8,0.5135135135135135,962,0.28648648648648656,0.005850883152173915,0.10416525135869564
gencast,CHIRPS,1,5,0.9,0.5918367346938775,1127,0.3081632653061225,0.007373046875000001,0.10416525135869564
gencast,CHIRPS,1,5,1.0,0.6421259842519685,2540,0.35787401574803146,0.019297724184782608,0.10416525135869564
gencast,CHIRPS,1,10,0.0,0.039175312161769754,37881,0.039175312161769754,0.03150475543478261,0.06778405230978261
gencast,CHIRPS,1,10,0.1,0.20236156351791532,2456,0.10236156351791531,0.005337126358695652,0.06778405230978261
gencast,CHIRPS,1,10,0.2,0.24130589070262598,1409,0.04130589070262597,0.001235563858695652,0.06778405230978261
gencast,CHIRPS,1,10,0.3,0.30467899891186073,919,0.004678998911860743,9.128736413043529e-05,0.06778405230978261
gencast,CHIRPS,1,10,0.4,0.326417704011065,723,0.07358229598893501,0.0011294157608695654,0.06778405230978261
gencast,CHIRPS,1,10,0.5,0.33384615384615385,650,0.16615384615384615,0.002292798913043478,0.06778405230978261
gencast,CHIRPS,1,10,0.6,0.351493848857645,569,0.24850615114235497,0.003001868206521739,0.06778405230978261
gencast,CHIRPS,1,10,0.7,0.3950381679389313,524,0.30496183206106864,0.003392493206521739,0.06778405230978261
gencast,CHIRPS,1,10,0.8,0.3720073664825046,543,0.42799263351749545,0.004933763586956522,0.06778405230978261
gencast,CHIRPS,1,10,0.9,0.3886861313868613,548,0.5113138686131387,0.005948539402173912,0.06778405230978261
gencast,CHIRPS,1,10,1.0,0.5238095238095238,882,0.47619047619047616,0.008916440217391304,0.06778405230978261
gencast,CHIRPS,1,20,0.0,0.0146513353115727,43136,0.0146513353115727,0.01341711956521739,0.02760275135869565
gencast,CHIRPS,1,20,0.1,0.0897597977243995,1582,0.010240202275600505,0.0003439198369565217,0.02760275135869565
gencast,CHIRPS,1,20,0.2,0.129080118694362,674,0.070919881305638,0.0010147758152173917,0.02760275135869565
gencast,CHIRPS,1,20,0.3,0.16435185185185186,432,0.13564814814814813,0.001244055706521739,0.02760275135869565
gencast,CHIRPS,1,20,0.4,0.14743589743589744,312,0.25256410256410255,0.0016728940217391303,0.02760275135869565
gencast,CHIRPS,1,20,0.5,0.15948275862068967,232,0.34051724137931033,0.001677139945652174,0.02760275135869565
gencast,CHIRPS,1,20,0.6,0.18232044198895028,181,0.4176795580110497,0.0016049592391304348,0.02760275135869565
gencast,CHIRPS,1,20,0.7,0.2391304347826087,138,0.46086956521739125,0.0013502038043478259,0.02760275135869565
gencast,CHIRPS,1,20,0.8,0.26126126126126126,111,0.5387387387387388,0.00126953125,0.02760275135869565
gencast,CHIRPS,1,20,0.9,0.38524590163934425,122,0.5147540983606558,0.001333220108695652,0.02760275135869565
gencast,CHIRPS,1,20,1.0,0.31521739130434784,184,0.6847826086956521,0.002674932065217391,0.02760275135869565
gencast,CHIRPS,3,1,0.0,0.08985683825769114,19698,0.08985683825769114,0.037576426630434784,0.11486497961956522
gencast,CHIRPS,3,1,0.1,0.2424910443648388,3629,0.14249104436483878,0.010977836277173912,0.11486497961956522
gencast,CHIRPS,3,1,0.2,0.3542692939244663,2436,0.1542692939244663,0.007978091032608695,0.11486497961956522
gencast,CHIRPS,3,1,0.3,0.37915407854984895,1986,0.07915407854984896,0.0033372961956521746,0.11486497961956522
gencast,CHIRPS,3,1,0.4,0.44543928371572467,1787,0.04543928371572464,0.001723845108695651,0.11486497961956522
gencast,CHIRPS,3,1,0.5,0.5114678899082569,1744,0.011467889908256867,0.0004245923913043473,0.11486497961956522
gencast,CHIRPS,3,1,0.6,0.5380710659898477,1773,0.061928934010152314,0.0023310122282608706,0.11486497961956522
gencast,CHIRPS,3,1,0.7,0.6050632911392405,1975,0.09493670886075944,0.003980553668478258,0.11486497961956522
gencast,CHIRPS,3,1,0.8,0.6524204099433057,2293,0.1475795900566943,0.007184103260869566,0.11486497961956522
gencast,CHIRPS,3,1,0.9,0.7235449735449735,3024,0.17645502645502653,0.011328125000000005,0.11486497961956522
gencast,CHIRPS,3,1,1.0,0.8047048379937861,6759,0.19529516200621388,0.02802309782608695,0.11486497961956522
gencast,CHIRPS,3,5,0.0,0.04754955199565571,29464,0.04754955199565571,0.02974269701086956,0.07746900475543478
gencast,CHIRPS,3,5,0.1,0.22552011095700417,3605,0.12552011095700416,0.009606402853260868,0.07746900475543478
gencast,CHIRPS,3,5,0.2,0.2983447719014937,2477,0.09834477190149371,0.005171535326086955,0.07746900475543478
gencast,CHIRPS,3,5,0.3,0.3412899949212798,1969,0.04128999492127983,0.0017259680706521734,0.07746900475543478
gencast,CHIRPS,3,5,0.4,0.3993095512082854,1738,0.0006904487917146485,2.5475543478262122e-05,0.07746900475543478
gencast,CHIRPS,3,5,0.5,0.4252021563342318,1484,0.0747978436657682,0.0023564877717391305,0.07746900475543478
gencast,CHIRPS,3,5,0.6,0.47545787545787543,1365,0.12454212454212454,0.0036090353260869565,0.07746900475543478
gencast,CHIRPS,3,5,0.7,0.5352517985611511,1390,0.16474820143884883,0.0048615828804347795,0.07746900475543478
gencast,CHIRPS,3,5,0.8,0.5509881422924902,1265,0.2490118577075099,0.006687330163043478,0.07746900475543478
gencast,CHIRPS,3,5,0.9,0.6398268398268399,1155,0.26017316017316017,0.006379500679347826,0.07746900475543478
gencast,CHIRPS,3,5,1.0,0.7114093959731543,1192,0.28859060402684567,0.007302989130434784,0.07746900475543478
gencast,CHIRPS,3,10,0.0,0.03320835565077665,35473,0.03320835565077665,0.02500849184782609,0.051861837635869566
gencast,CHIRPS,3,10,0.1,0.1650273224043716,3660,0.06502732240437159,0.005052649456521739,0.051861837635869566
gencast,CHIRPS,3,10,0.2,0.20369535826949076,2219,0.003695358269490745,0.00017408288043478182,0.051861837635869566
gencast,CHIRPS,3,10,0.3,0.24448897795591182,1497,0.05551102204408817,0.001764181385869565,0.051861837635869566
gencast,CHIRPS,3,10,0.4,0.31150442477876106,1130,0.08849557522123896,0.00212296195652174,0.051861837635869566
gencast,CHIRPS,3,10,0.5,0.3234597156398104,844,0.1765402843601896,0.003163213315217392,0.051861837635869566
gencast,CHIRPS,3,10,0.6,0.3473053892215569,668,0.2526946107784431,0.0035835597826086953,0.051861837635869566
gencast,CHIRPS,3,10,0.7,0.4225865209471767,549,0.27741347905282326,0.0032332710597826084,0.051861837635869566
gencast,CHIRPS,3,10,0.8,0.5357917570498916,461,0.2642082429501085,0.0025857676630434787,0.051861837635869566
gencast,CHIRPS,3,10,0.9,0.4728434504792332,313,0.4271565495207668,0.002838400135869565,0.051861837635869566
gencast,CHIRPS,3,10,1.0,0.6206896551724138,290,0.3793103448275862,0.0023352581521739126,0.051861837635869566
gencast,CHIRPS,3,20,0.0,0.013393592731210132,42483,0.013393592731210132,0.012079653532608698,0.021178668478260873
gencast,CHIRPS,3,20,0.1,0.07983367983367984,2405,0.020166320166320167,0.0010296365489130435,0.021178668478260873
gencast,CHIRPS,3,20,0.2,0.1493212669683258,884,0.05067873303167422,0.0009510869565217393,0.021178668478260873
gencast,CHIRPS,3,20,0.3,0.16846652267818574,463,0.13153347732181425,0.0012928838315217391,0.021178668478260873
gencast,CHIRPS,3,20,0.4,0.18088737201365188,293,0.21911262798634815,0.0013629415760869567,0.021178668478260873
gencast,CHIRPS,3,20,0.5,0.25654450261780104,191,0.24345549738219896,0.0009871773097826087,0.021178668478260873
gencast,CHIRPS,3,20,0.6,0.2074074074074074,135,0.3925925925925926,0.0011251698369565217,0.021178668478260873
gencast,CHIRPS,3,20,0.7,0.2604166666666667,96,0.43958333333333327,0.0008958899456521737,0.021178668478260873
gencast,CHIRPS,3,20,0.8,0.36764705882352944,68,0.4323529411764706,0.0006241508152173913,0.021178668478260873
gencast,CHIRPS,3,20,0.9,0.5384615384615384,39,0.3615384615384616,0.0002993376358695653,0.021178668478260873
gencast,CHIRPS,3,20,1.0,0.46808510638297873,47,0.5319148936170213,0.0005307404891304349,0.021178668478260873
gencast,CHIRPS,5,1,0.0,0.0808030252474697,17982,0.0808030252474697,0.03084663722826087,0.10552394701086956
gencast,CHIRPS,5,1,0.1,0.2187651920272241,4114,0.1187651920272241,0.010372792119565218,0.10552394701086956
gencast,CHIRPS,5,1,0.2,0.29358520267611177,2541,0.09358520267611176,0.005048403532608695,0.10552394701086956
gencast,CHIRPS,5,1,0.3,0.37831655992680696,2186,0.07831655992680697,0.003634510869565218,0.10552394701086956
gencast,CHIRPS,5,1,0.4,0.4143077714873906,1943,0.014307771487390597,0.000590183423913042,0.10552394701086956
gencast,CHIRPS,5,1,0.5,0.45719940623453736,2021,0.042800593765462636,0.0018363620923913038,0.10552394701086956
gencast,CHIRPS,5,1,0.6,0.5350961538461538,2080,0.06490384615384615,0.0028659986413043475,0.10552394701086956
gencast,CHIRPS,5,1,0.7,0.595968448729185,2282,0.10403155127081498,0.005039911684782604,0.10552394701086956
gencast,CHIRPS,5,1,0.8,0.6512441679626749,2572,0.14875583203732512,0.008122452445652179,0.10552394701086956
gencast,CHIRPS,5,1,0.9,0.7350993377483444,3473,0.16490066225165567,0.012158203125000003,0.10552394701086956
gencast,CHIRPS,5,1,1.0,0.8006768189509307,5910,0.19932318104906932,0.02500849184782608,0.10552394701086956
gencast,CHIRPS,5,5,0.0,0.0415136458558364,27774,0.0415136458558364,0.024477751358695652,0.06938476562500001
gencast,CHIRPS,5,5,0.1,0.19562452302213176,3931,0.09562452302213176,0.007980213994565217,0.06938476562500001
gencast,CHIRPS,5,5,0.2,0.26811594202898553,2760,0.06811594202898552,0.00399116847826087,0.06938476562500001
gencast,CHIRPS,5,5,0.3,0.31173748422381153,2377,0.011737484223811545,0.0005923063858695661,0.06938476562500001
gencast,CHIRPS,5,5,0.4,0.37144283574638043,2003,0.028557164253619594,0.0012143342391304358,0.06938476562500001
gencast,CHIRPS,5,5,0.5,0.4165398274987316,1971,0.08346017250126841,0.003492272418478262,0.06938476562500001
gencast,CHIRPS,5,5,0.6,0.48579881656804735,1690,0.11420118343195262,0.004097316576086955,0.06938476562500001
gencast,CHIRPS,5,5,0.7,0.5153793574846206,1463,0.18462064251537935,0.005734120244565218,0.06938476562500001
gencast,CHIRPS,5,5,0.8,0.5791505791505791,1295,0.22084942084942094,0.006071671195652176,0.06938476562500001
gencast,CHIRPS,5,5,0.9,0.6238437821171634,973,0.2761562178828366,0.005704398777173913,0.06938476562500001
gencast,CHIRPS,5,5,1.0,0.6724336793540946,867,0.3275663206459054,0.006029211956521739,0.06938476562500001
gencast,CHIRPS,5,10,0.0,0.028985507246376812,33741,0.028985507246376812,0.020762567934782608,0.04707880434782608
gencast,CHIRPS,5,10,0.1,0.14046511627906977,4300,0.04046511627906976,0.0036939538043478256,0.04707880434782608
gencast,CHIRPS,5,10,0.2,0.1965296114673708,2651,0.0034703885326292094,0.00019531250000000072,0.04707880434782608
gencast,CHIRPS,5,10,0.3,0.25202839756592293,1972,0.047971602434077054,0.0020083220108695642,0.04707880434782608
gencast,CHIRPS,5,10,0.4,0.2757679180887372,1465,0.12423208191126284,0.0038637907608695668,0.04707880434782608
gencast,CHIRPS,5,10,0.5,0.33614232209737827,1068,0.16385767790262173,0.0037151834239130435,0.04707880434782608
gencast,CHIRPS,5,10,0.6,0.3669590643274854,684,0.2330409356725146,0.003384001358695652,0.04707880434782608
gencast,CHIRPS,5,10,0.7,0.37349397590361444,498,0.3265060240963855,0.003451936141304347,0.04707880434782608
gencast,CHIRPS,5,10,0.8,0.4431137724550898,334,0.35688622754491023,0.0025305706521739136,0.04707880434782608
gencast,CHIRPS,5,10,0.9,0.5245098039215687,204,0.37549019607843137,0.0016261888586956523,0.04707880434782608
gencast,CHIRPS,5,10,1.0,0.5347593582887701,187,0.4652406417112299,0.0018469769021739128,0.04707880434782608
gencast,CHIRPS,5,20,0.0,0.012964751327860936,41420,0.012964751327860936,0.011400305706521738,0.022467306385869565
gencast,CHIRPS,5,20,0.1,0.0779801853627357,3129,0.02201981463726431,0.0014627207880434788,0.022467306385869565
gencast,CHIRPS,5,20,0.2,0.10024449877750612,1227,0.0997555012224939,0.002598505434782609,0.022467306385869565
gencast,CHIRPS,5,20,0.3,0.1509433962264151,583,0.1490566037735849,0.0018448539402173914,0.022467306385869565
gencast,CHIRPS,5,20,0.4,0.14432989690721648,291,0.25567010309278354,0.0015794836956521741,0.022467306385869565
gencast,CHIRPS,5,20,0.5,0.22674418604651161,172,0.2732558139534884,0.0009977921195652175,0.022467306385869565
gencast,CHIRPS,5,20,0.6,0.28125,96,0.31875,0.0006496263586956521,0.022467306385869565
gencast,CHIRPS,5,20,0.7,0.2808988764044944,89,0.41910112359550555,0.0007918648097826086,0.022467306385869565
gencast,CHIRPS,5,20,0.8,0.26666666666666666,45,0.5333333333333334,0.0005095108695652175,0.022467306385869565
gencast,CHIRPS,5,20,0.9,0.34375,32,0.55625,0.00037788722826086955,0.022467306385869565
gencast,CHIRPS,5,20,1.0,0.4,20,0.6,0.0002547554347826087,0.022467306385869565
gencast,CHIRPS,7,1,0.0,0.0852342959883133,17798,0.0852342959883133,0.032205332880434784,0.10200407608695654
gencast,CHIRPS,7,1,0.1,0.2292837936934735,4091,0.12928379369347348,0.011228345788043478,0.10200407608695654
gencast,CHIRPS,7,1,0.2,0.2742857142857143,2800,0.07428571428571429,0.004415760869565218,0.10200407608695654
gencast,CHIRPS,7,1,0.3,0.365625,2240,0.06562499999999999,0.003120754076086956,0.10200407608695654
gencast,CHIRPS,7,1,0.4,0.43423423423423424,2220,0.03423423423423422,0.0016134510869565209,0.10200407608695654
gencast,CHIRPS,7,1,0.5,0.512832477834811,2143,0.012832477834811007,0.000583814538043478,0.10200407608695654
gencast,CHIRPS,7,1,0.6,0.5587971274685817,2228,0.0412028725314183,0.0019488790760869557,0.10200407608695654
gencast,CHIRPS,7,1,0.7,0.5956396544631839,2431,0.10436034553681606,0.005385954483695649,0.10200407608695654
gencast,CHIRPS,7,1,0.8,0.6693296283431747,2879,0.13067037165682538,0.007986582880434788,0.10200407608695654
gencast,CHIRPS,7,1,0.9,0.7184438846907361,3573,0.18155611530926397,0.013771654211956526,0.10200407608695654
gencast,CHIRPS,7,1,1.0,0.8021697511167837,4701,0.19783024888321632,0.019743546195652172,0.10200407608695654
gencast,CHIRPS,7,5,0.0,0.04506040706744549,27563,0.04506040706744549,0.0263671875,0.06935079823369565
gencast,CHIRPS,7,5,0.1,0.20178653229500687,4366,0.10178653229500687,0.009434442934782608,0.06935079823369565
gencast,CHIRPS,7,5,0.2,0.2746331236897275,3339,0.07463312368972747,0.005290421195652173,0.06935079823369565
gencast,CHIRPS,7,5,0.3,0.3522422384055194,2609,0.05224223840551939,0.0028935971467391325,0.06935079823369565
gencast,CHIRPS,7,5,0.4,0.4143646408839779,2172,0.014364640883977875,0.0006623641304347815,0.06935079823369565
gencast,CHIRPS,7,5,0.5,0.443912812333865,1881,0.05608718766613502,0.002239724864130434,0.06935079823369565
gencast,CHIRPS,7,5,0.6,0.5034396497811132,1599,0.09656035021888676,0.0032778532608695636,0.06935079823369565
gencast,CHIRPS,7,5,0.7,0.5022970903522205,1306,0.19770290964777948,0.00548148777173913,0.06935079823369565
gencast,CHIRPS,7,5,0.8,0.5602240896358543,1071,0.2397759103641457,0.005451766304347828,0.06935079823369565
gencast,CHIRPS,7,5,0.9,0.582723279648609,683,0.317276720351391,0.004600458559782609,0.06935079823369565
gencast,CHIRPS,7,5,1.0,0.6660194174757281,515,0.3339805825242719,0.0036514945652173915,0.06935079823369565
gencast,CHIRPS,7,10,0.0,0.033571950328707086,34225,0.033571950328707086,0.02439283288043478,0.046908967391304346
gencast,CHIRPS,7,10,0.1,0.16029745920264407,4841,0.060297459202644066,0.006196925951086955,0.046908967391304346
gencast,CHIRPS,7,10,0.2,0.20585197934595525,2905,0.005851979345955244,0.0003609035326086953,0.046908967391304346
gencast,CHIRPS,7,10,0.3,0.2685650474595198,1791,0.03143495254048018,0.0011952275815217388,0.046908967391304346
gencast,CHIRPS,7,10,0.4,0.2885106382978723,1175,0.1114893617021277,0.0027810801630434793,0.046908967391304346
gencast,CHIRPS,7,10,0.5,0.3454317897371715,799,0.15456821026282852,0.0026218580163043475,0.046908967391304346
gencast,CHIRPS,7,10,0.6,0.31894934333958724,533,0.28105065666041273,0.003180197010869565,0.046908967391304346
gencast,CHIRPS,7,10,0.7,0.3864306784660767,339,0.31356932153392325,0.0022567085597826084,0.046908967391304346
gencast,CHIRPS,7,10,0.8,0.4424778761061947,226,0.35752212389380533,0.0017153532608695653,0.046908967391304346
gencast,CHIRPS,7,10,0.9,0.5466666666666666,150,0.3533333333333334,0.0011251698369565217,0.046908967391304346
gencast,CHIRPS,7,10,1.0,0.575,120,0.42500000000000004,0.001082710597826087,0.046908967391304346
gencast,CHIRPS,7,20,0.0,0.01531285337353939,42448,0.01531285337353939,0.013799252717391304,0.021807065217391303
gencast,CHIRPS,7,20,0.1,0.07310893955845096,2763,0.026891060441549042,0.0015773607336956523,0.021807065217391303
gencast,CHIRPS,7,20,0.2,0.11550802139037433,935,0.08449197860962568,0.001677139945652174,0.021807065217391303
gencast,CHIRPS,7,20,0.3,0.17195767195767195,378,0.12804232804232804,0.0010275135869565217,0.021807065217391303
gencast,CHIRPS,7,20,0.4,0.21052631578947367,209,0.18947368421052635,0.0008406929347826088,0.021807065217391303
gencast,CHIRPS,7,20,0.5,0.18055555555555555,144,0.3194444444444444,0.0009765625,0.021807065217391303
gencast,CHIRPS,7,20,0.6,0.2828282828282828,99,0.31717171717171716,0.000666610054347826,0.021807065217391303
gencast,CHIRPS,7,20,0.7,0.2830188679245283,53,0.41698113207547166,0.0004691745923913043,0.021807065217391303
gencast,CHIRPS,7,20,0.8,0.42857142857142855,35,0.3714285714285715,0.0002759850543478262,0.021807065217391303
gencast,CHIRPS,7,20,0.9,0.3076923076923077,26,0.5923076923076923,0.0003269361413043478,0.021807065217391303
gencast,CHIRPS,7,20,1.0,0.42857142857142855,14,0.5714285714285714,0.00016983695652173913,0.021807065217391303
gencast,ERA5,1,1,0.0,0.0424553003665744,26734,0.0424553003665744,0.01762422360248447,0.06115217391304348
gencast,ERA5,1,1,0.1,0.21241554054054054,4736,0.11241554054054054,0.008267080745341614,0.06115217391304348
gencast,ERA5,1,1,0.2,0.3718726307808946,2638,0.1718726307808946,0.007040372670807453,0.06115217391304348
gencast,ERA5,1,1,0.3,0.4597861459786146,2151,0.15978614597861462,0.005336956521739131,0.06115217391304348
gencast,ERA5,1,1,0.4,0.5366098294884654,1994,0.13660982948846534,0.004229813664596272,0.06115217391304348
gencast,ERA5,1,1,0.5,0.6655328798185941,1764,0.1655328798185941,0.004534161490683229,0.06115217391304348
gencast,ERA5,1,1,0.6,0.7014577259475219,1715,0.10145772594752189,0.0027018633540372675,0.06115217391304348
gencast,ERA5,1,1,0.7,0.7734330074755607,1739,0.0734330074755607,0.001982919254658386,0.06115217391304348
gencast,ERA5,1,1,0.8,0.7994402985074627,2144,0.0005597014925373678,1.8633540372672616e-05,0.06115217391304348
gencast,ERA5,1,1,0.9,0.8752310536044362,3246,0.024768946395563818,0.0012484472049689465,0.06115217391304348
gencast,ERA5,1,1,1.0,0.9661496878821031,15539,0.03385031211789691,0.008167701863354039,0.06115217391304348
gencast,ERA5,1,5,0.0,0.025740974021343854,42073,0.025740974021343854,0.016816770186335404,0.045072981366459625
gencast,ERA5,1,5,0.1,0.20253164556962025,3792,0.10253164556962024,0.006037267080745341,0.045072981366459625
gencast,ERA5,1,5,0.2,0.2991566799822459,2253,0.09915667998224587,0.0034689440993788813,0.045072981366459625
gencast,ERA5,1,5,0.3,0.4079909960607766,1777,0.10799099606077661,0.002979813664596274,0.045072981366459625
gencast,ERA5,1,5,0.4,0.4572347266881029,1555,0.057234726688102866,0.0013819875776397508,0.045072981366459625
gencast,ERA5,1,5,0.5,0.5413165266106442,1428,0.04131652661064422,0.0009161490683229805,0.045072981366459625
gencast,ERA5,1,5,0.6,0.5914454277286135,1356,0.008554572271386451,0.00018012422360248493,0.045072981366459625
gencast,ERA5,1,5,0.7,0.6741312741312742,1295,0.025868725868725795,0.0005201863354037251,0.045072981366459625
gencast,ERA5,1,5,0.8,0.6941508104298802,1419,0.1058491895701198,0.002332298136645963,0.045072981366459625
gencast,ERA5,1,5,0.9,0.7790762381747357,1797,0.12092376182526432,0.0033742236024844716,0.045072981366459625
gencast,ERA5,1,5,1.0,0.9195402298850575,5655,0.08045977011494254,0.007065217391304349,0.045072981366459625
gencast,ERA5,1,10,0.0,0.018056922489806577,49787,0.018056922489806577,0.013959627329192547,0.03268788819875776
gencast,ERA5,1,10,0.1,0.15597147950089127,3366,0.055971479500891264,0.0029254658385093166,0.03268788819875776
gencast,ERA5,1,10,0.2,0.24463069669984286,1909,0.04463069669984285,0.0013229813664596274,0.03268788819875776
gencast,ERA5,1,10,0.3,0.31446059678653404,1307,0.014460596786534052,0.00029347826086956533,0.03268788819875776
gencast,ERA5,1,10,0.4,0.3917525773195876,1067,0.008247422680412397,0.0001366459627329197,0.03268788819875776
gencast,ERA5,1,10,0.5,0.4544502617801047,955,0.045549738219895275,0.0006754658385093165,0.03268788819875776
gencast,ERA5,1,10,0.6,0.4870530209617756,811,0.11294697903822437,0.0014223602484472046,0.03268788819875776
gencast,ERA5,1,10,0.7,0.5790155440414507,772,0.12098445595854923,0.0014503105590062113,0.03268788819875776
gencast,ERA5,1,10,0.8,0.6100917431192661,872,0.18990825688073398,0.0025714285714285717,0.03268788819875776
gencast,ERA5,1,10,0.9,0.7126099706744868,1023,0.18739002932551319,0.002976708074534161,0.03268788819875776
gencast,ERA5,1,10,1.0,0.8739628605294351,2531,0.12603713947056494,0.004953416149068321,0.03268788819875776
gencast,ERA5,1,20,0.0,0.007714310479327382,57685,0.007714310479327382,0.006909937888198758,0.016209627329192546
gencast,ERA5,1,20,0.1,0.1087866108786611,2151,0.008786610878661089,0.0002934782608695653,0.016209627329192546
gencast,ERA5,1,20,0.2,0.17551020408163265,980,0.024489795918367363,0.00037267080745341643,0.016209627329192546
gencast,ERA5,1,20,0.3,0.204644412191582,689,0.09535558780841799,0.0010201863354037267,0.016209627329192546
gencast,ERA5,1,20,0.4,0.29693486590038315,522,0.10306513409961687,0.0008354037267080747,0.016209627329192546
gencast,ERA5,1,20,0.5,0.3256880733944954,436,0.1743119266055046,0.0011801242236024845,0.016209627329192546
gencast,ERA5,1,20,0.6,0.4318840579710145,345,0.1681159420289855,0.0009006211180124223,0.016209627329192546
gencast,ERA5,1,20,0.7,0.5227272727272727,308,0.17727272727272725,0.0008478260869565216,0.016209627329192546
gencast,ERA5,1,20,0.8,0.6273062730627307,271,0.17269372693726937,0.0007267080745341616,0.016209627329192546
gencast,ERA5,1,20,0.9,0.6696165191740413,339,0.23038348082595872,0.0012127329192546585,0.016209627329192546
gencast,ERA5,1,20,1.0,0.8175074183976261,674,0.18249258160237392,0.0019099378881987583,0.016209627329192546
gencast,ERA5,3,1,0.0,0.030849591499620518,22399,0.030849591499620518,0.010729813664596272,0.04063975155279505
gencast,ERA5,3,1,0.1,0.160034980323568,4574,0.060034980323567994,0.0042639751552795025,0.04063975155279505
gencast,ERA5,3,1,0.2,0.2839546191247974,3085,0.0839546191247974,0.004021739130434783,0.04063975155279505
gencast,ERA5,3,1,0.3,0.35389856169568507,2642,0.05389856169568508,0.002211180124223602,0.04063975155279505
gencast,ERA5,3,1,0.4,0.44069192751235586,2428,0.04069192751235584,0.0015341614906832295,0.04063975155279505
gencast,ERA5,3,1,0.5,0.517212774782248,2411,0.01721277478224803,0.0006444099378881987,0.04063975155279505
gencast,ERA5,3,1,0.6,0.602734375,2560,0.0027343750000000666,0.00010869565217391569,0.04063975155279505
gencast,ERA5,3,1,0.7,0.6787836420831876,2861,0.021216357916812312,0.000942546583850932,0.04063975155279505
gencast,ERA5,3,1,0.8,0.7599770312948607,3483,0.04002296870513933,0.00216459627329193,0.04063975155279505
gencast,ERA5,3,1,0.9,0.8532297628781684,4892,0.04677023712183159,0.003552795031055903,0.04063975155279505
gencast,ERA5,3,1,1.0,0.9484117872177573,13065,0.05158821278224268,0.01046583850931678,0.04063975155279505
gencast,ERA5,3,5,0.0,0.019990739984203504,36717,0.019990739984203504,0.011397515527950312,0.036211180124223606
gencast,ERA5,3,5,0.1,0.15942028985507245,4968,0.059420289855072445,0.004583850931677017,0.036211180124223606
gencast,ERA5,3,5,0.2,0.23751095530236635,3423,0.03751095530236634,0.001993788819875776,0.036211180124223606
gencast,ERA5,3,5,0.3,0.3159221902017291,2776,0.015922190201729136,0.0006863354037267093,0.036211180124223606
gencast,ERA5,3,5,0.4,0.3844667697063369,2588,0.015533230293663103,0.0006242236024844738,0.036211180124223606
gencast,ERA5,3,5,0.5,0.457290767903365,2318,0.04270923209663502,0.0015372670807453413,0.036211180124223606
gencast,ERA5,3,5,0.6,0.5410738871041763,2179,0.058926112895823723,0.0019937888198757747,0.036211180124223606
gencast,ERA5,3,5,0.7,0.6211096075778079,2217,0.07889039242219209,0.0027158385093167684,0.036211180124223606
gencast,ERA5,3,5,0.8,0.705746061167748,2158,0.09425393883225208,0.003158385093167702,0.036211180124223606
gencast,ERA5,3,5,0.9,0.7913542126157918,2267,0.10864578738420827,0.003824534161490685,0.036211180124223606
gencast,ERA5,3,5,1.0,0.9146647543922553,2789,0.08533524560774475,0.003695652173913045,0.036211180124223606
gencast,ERA5,3,10,0.0,0.01744327614831212,45175,0.01744327614831212,0.012236024844720497,0.02726552795031056
gencast,ERA5,3,10,0.1,0.1172321768966832,5246,0.017232176896683188,0.0014037267080745342,0.02726552795031056
gencast,ERA5,3,10,0.2,0.18704819277108434,3320,0.012951807228915674,0.0006677018633540378,0.02726552795031056
gencast,ERA5,3,10,0.3,0.27587681779298545,2338,0.024123182207014537,0.0008757763975155277,0.02726552795031056
gencast,ERA5,3,10,0.4,0.3508021390374332,1870,0.04919786096256684,0.0014285714285714286,0.02726552795031056
gencast,ERA5,3,10,0.5,0.39906417112299464,1496,0.10093582887700536,0.0023447204968944104,0.02726552795031056
gencast,ERA5,3,10,0.6,0.4995918367346939,1225,0.1004081632653061,0.0019099378881987576,0.02726552795031056
gencast,ERA5,3,10,0.7,0.6139534883720931,1075,0.08604651162790689,0.0014363354037267065,0.02726552795031056
gencast,ERA5,3,10,0.8,0.6925403225806451,992,0.10745967741935492,0.0016552795031055912,0.02726552795031056
gencast,ERA5,3,10,0.9,0.7559523809523809,840,0.1440476190476191,0.0018788819875776403,0.02726552795031056
gencast,ERA5,3,10,1.0,0.8882138517618469,823,0.11178614823815314,0.001428571428571429,0.02726552795031056
gencast,ERA5,3,20,0.0,0.009127569942030029,55546,0.009127569942030029,0.007872670807453417,0.014405279503105592
gencast,ERA5,3,20,0.1,0.08764629388816644,3845,0.012353706111833562,0.0007375776397515535,0.014405279503105592
gencast,ERA5,3,20,0.2,0.16380839739798936,1691,0.03619160260201065,0.0009503105590062114,0.014405279503105592
gencast,ERA5,3,20,0.3,0.2536302032913843,1033,0.046369796708615685,0.0007437888198757763,0.014405279503105592
gencast,ERA5,3,20,0.4,0.3446327683615819,708,0.05536723163841811,0.0006086956521739134,0.014405279503105592
gencast,ERA5,3,20,0.5,0.4124168514412417,451,0.08758314855875832,0.0006133540372670808,0.014405279503105592
gencast,ERA5,3,20,0.6,0.4777777777777778,360,0.12222222222222218,0.000683229813664596,0.014405279503105592
gencast,ERA5,3,20,0.7,0.5917602996254682,267,0.10823970037453179,0.00044875776397515504,0.014405279503105592
gencast,ERA5,3,20,0.8,0.5654205607476636,214,0.23457943925233649,0.0007795031055900623,0.014405279503105592
gencast,ERA5,3,20,0.9,0.6938775510204082,147,0.20612244897959187,0.000470496894409938,0.014405279503105592
gencast,ERA5,3,20,1.0,0.7681159420289855,138,0.23188405797101452,0.0004968944099378883,0.014405279503105592
gencast,ERA5,5,1,0.0,0.025667604521447257,20259,0.025667604521447257,0.008074534161490683,0.03563975155279503
gencast,ERA5,5,1,0.1,0.15123024604920984,4999,0.05123024604920984,0.003976708074534161,0.03563975155279503
gencast,ERA5,5,1,0.2,0.23815236952609478,3334,0.03815236952609477,0.0019751552795031053,0.03563975155279503
gencast,ERA5,5,1,0.3,0.342698577870274,2883,0.042698577870274035,0.0019114906832298144,0.03563975155279503
gencast,ERA5,5,1,0.4,0.3991815476190476,2688,0.0008184523809524058,3.416149068323085e-05,0.03563975155279503
gencast,ERA5,5,1,0.5,0.48036788114609125,2827,0.019632118853908753,0.0008618012422360257,0.03563975155279503
gencast,ERA5,5,1,0.6,0.5651886168100596,3022,0.03481138318994037,0.0016335403726708043,0.03563975155279503
gencast,ERA5,5,1,0.7,0.6613787135852321,3467,0.03862128641476781,0.0020791925465838508,0.03563975155279503
gencast,ERA5,5,1,0.8,0.7537888198757764,4025,0.04621118012422365,0.002888198757763978,0.03563975155279503
gencast,ERA5,5,1,0.9,0.8497297297297297,5550,0.05027027027027031,0.004332298136645966,0.03563975155279503
gencast,ERA5,5,1,1.0,0.9553146483342148,11346,0.044685351665785245,0.007872670807453406,0.03563975155279503
gencast,ERA5,5,5,0.0,0.015740415054519872,34116,0.015740415054519872,0.008338509316770186,0.030639751552795025
gencast,ERA5,5,5,0.1,0.13025978777899744,5466,0.030259787778997432,0.002568322981366459,0.030639751552795025
gencast,ERA5,5,5,0.2,0.21847290640394088,4060,0.018472906403940864,0.001164596273291924,0.030639751552795025
gencast,ERA5,5,5,0.3,0.2963692654095131,3553,0.003630734590486906,0.00020031055900621083,0.030639751552795025
gencast,ERA5,5,5,0.4,0.3726198292843073,3046,0.02738017071569271,0.001295031055900621,0.030639751552795025
gencast,ERA5,5,5,0.5,0.44942683749157114,2966,0.05057316250842886,0.002329192546583851,0.030639751552795025
gencast,ERA5,5,5,0.6,0.5340059790732437,2676,0.06599402092675632,0.002742236024844719,0.030639751552795025
gencast,ERA5,5,5,0.7,0.6221276595744681,2350,0.07787234042553182,0.0028416149068322947,0.030639751552795025
gencast,ERA5,5,5,0.8,0.7177716390423573,2172,0.08222836095764274,0.002773291925465839,0.030639751552795025
gencast,ERA5,5,5,0.9,0.7945276200309758,1937,0.10547237996902425,0.0031723602484472046,0.030639751552795025
gencast,ERA5,5,5,1.0,0.8994169096209913,2058,0.1005830903790087,0.0032142857142857125,0.030639751552795025
gencast,ERA5,5,10,0.0,0.013898737767692525,42306,0.013898737767692525,0.009130434782608695,0.026507763975155276
gencast,ERA5,5,10,0.1,0.12110568112400732,6548,0.02110568112400732,0.0021459627329192535,0.026507763975155276
gencast,ERA5,5,10,0.2,0.19384319384319385,4158,0.006156806156806166,0.00039751552795031116,0.026507763975155276
gencast,ERA5,5,10,0.3,0.239441092410289,3149,0.060558907589711,0.0029611801242236013,0.026507763975155276
gencast,ERA5,5,10,0.4,0.3334758443779393,2339,0.06652415562206071,0.0024161490683229816,0.026507763975155276
gencast,ERA5,5,10,0.5,0.43453070683661643,1726,0.06546929316338357,0.0017546583850931684,0.026507763975155276
gencast,ERA5,5,10,0.6,0.5221595487510072,1241,0.07784045124899275,0.0015,0.026507763975155276
gencast,ERA5,5,10,0.7,0.5705521472392638,978,0.12944785276073612,0.001965838509316769,0.026507763975155276
gencast,ERA5,5,10,0.8,0.6777645659928656,841,0.12223543400713444,0.0015962732919254667,0.026507763975155276
gencast,ERA5,5,10,0.9,0.753125,640,0.14687499999999998,0.0014596273291925465,0.026507763975155276
gencast,ERA5,5,10,1.0,0.8396624472573839,474,0.16033755274261607,0.0011801242236024847,0.026507763975155276
gencast,ERA5,5,20,0.0,0.009728527749467248,53965,0.009728527749467248,0.008152173913043478,0.0153555900621118
gencast,ERA5,5,20,0.1,0.09080280592361652,5132,0.009197194076383489,0.000732919254658386,0.0153555900621118
gencast,ERA5,5,20,0.2,0.17057761732851986,2216,0.029422382671480146,0.0010124223602484474,0.0153555900621118
gencast,ERA5,5,20,0.3,0.22145328719723184,1156,0.07854671280276815,0.0014099378881987574,0.0153555900621118
gencast,ERA5,5,20,0.4,0.3010752688172043,651,0.09892473118279571,0.001,0.0153555900621118
gencast,ERA5,5,20,0.5,0.3795454545454545,440,0.12045454545454548,0.0008229813664596275,0.0153555900621118
gencast,ERA5,5,20,0.6,0.4329896907216495,291,0.16701030927835048,0.0007546583850931675,0.0153555900621118
gencast,ERA5,5,20,0.7,0.5645756457564576,271,0.13542435424354238,0.0005698757763975154,0.0153555900621118
gencast,ERA5,5,20,0.8,0.6415094339622641,159,0.15849056603773592,0.00039130434782608714,0.0153555900621118
gencast,ERA5,5,20,0.9,0.6707317073170732,82,0.2292682926829268,0.00029192546583850927,0.0153555900621118
gencast,ERA5,5,20,1.0,0.6216216216216216,37,0.3783783783783784,0.00021739130434782612,0.0153555900621118
gencast,ERA5,7,1,0.0,0.03281658949063821,19868,0.03281658949063821,0.010124223602484472,0.034375776397515524
gencast,ERA5,7,1,0.1,0.1482523101647248,4978,0.04825231016472478,0.0037298136645962728,0.034375776397515524
gencast,ERA5,7,1,0.2,0.23703090507726268,3624,0.03703090507726267,0.0020838509316770176,0.034375776397515524
gencast,ERA5,7,1,0.3,0.33695294504771306,3039,0.03695294504771307,0.0017437888198757769,0.034375776397515524
gencast,ERA5,7,1,0.4,0.4207140559665487,3109,0.020714055966548683,0.0009999999999999979,0.034375776397515524
gencast,ERA5,7,1,0.5,0.5090252707581228,3047,0.009025270758122761,0.0004270186335403735,0.034375776397515524
gencast,ERA5,7,1,0.6,0.5926144756277696,3385,0.00738552437223039,0.0003881987577639731,0.034375776397515524
gencast,ERA5,7,1,0.7,0.6708657196462074,3731,0.029134280353792508,0.0016878881987577616,0.034375776397515524
gencast,ERA5,7,1,0.8,0.7682653518601524,4462,0.03173464813984761,0.0021987577639751557,0.034375776397515524
gencast,ERA5,7,1,0.9,0.8572929434424794,5711,0.042707056557520606,0.0037872670807453444,0.034375776397515524
gencast,ERA5,7,1,1.0,0.9508786788058438,9446,0.04912132119415624,0.007204968944099377,0.034375776397515524
gencast,ERA5,7,5,0.0,0.020367975546672936,34024,0.020367975546672936,0.010760869565217391,0.02879192546583851
gencast,ERA5,7,5,0.1,0.14858690133694363,5909,0.04858690133694363,0.004458074534161489,0.02879192546583851
gencast,ERA5,7,5,0.2,0.2205128205128205,4680,0.020512820512820495,0.0014906832298136636,0.02879192546583851
gencast,ERA5,7,5,0.3,0.3138493944181148,3798,0.013849394418114835,0.000816770186335406,0.02879192546583851
gencast,ERA5,7,5,0.4,0.38890591480232917,3263,0.011094085197670855,0.000562111801242236,0.02879192546583851
gencast,ERA5,7,5,0.5,0.49473684210526314,2850,0.0052631578947368585,0.00023291925465838582,0.02879192546583851
gencast,ERA5,7,5,0.6,0.5758164852255054,2572,0.02418351477449454,0.0009658385093167695,0.02879192546583851
gencast,ERA5,7,5,0.7,0.6428250112460638,2223,0.05717498875393612,0.0019736024844720494,0.02879192546583851
gencast,ERA5,7,5,0.8,0.7332347140039448,2028,0.06676528599605525,0.00210248447204969,0.02879192546583851
gencast,ERA5,7,5,0.9,0.7943349753694581,1624,0.10566502463054195,0.0026645962732919277,0.02879192546583851
gencast,ERA5,7,5,1.0,0.8754373687893632,1429,0.12456263121063682,0.0027639751552795033,0.02879192546583851
gencast,ERA5,7,10,0.0,0.019200818243101884,43019,0.019200818243101884,0.012826086956521739,0.026052795031055898
gencast,ERA5,7,10,0.1,0.12528801843317972,6944,0.02528801843317971,0.00272670807453416,0.026052795031055898
gencast,ERA5,7,10,0.2,0.2095435684647303,4338,0.009543568464730284,0.0006428571428571424,0.026052795031055898
gencast,ERA5,7,10,0.3,0.29351184346035014,2913,0.0064881565396498475,0.00029347826086956533,0.026052795031055898
gencast,ERA5,7,10,0.4,0.36609336609336607,2035,0.033906633906633954,0.001071428571428573,0.026052795031055898
gencast,ERA5,7,10,0.5,0.44932432432432434,1480,0.05067567567567566,0.001164596273291925,0.026052795031055898
gencast,ERA5,7,10,0.6,0.5177832919768404,1209,0.08221670802315961,0.0015434782608695647,0.026052795031055898
gencast,ERA5,7,10,0.7,0.5594170403587444,892,0.14058295964125556,0.0019472049689440987,0.026052795031055898
gencast,ERA5,7,10,0.8,0.6480938416422287,682,0.15190615835777133,0.0016086956521739139,0.026052795031055898
gencast,ERA5,7,10,0.9,0.7390476190476191,525,0.16095238095238096,0.001312111801242236,0.026052795031055898
gencast,ERA5,7,10,1.0,0.837465564738292,363,0.16253443526170797,0.0009161490683229813,0.026052795031055898
gencast,ERA5,7,20,0.0,0.011858933425772199,54811,0.011858933425772199,0.010093167701863354,0.01670652173913044
gencast,ERA5,7,20,0.1,0.09341010876519514,4689,0.0065898912348048705,0.0004798136645962739,0.01670652173913044
gencast,ERA5,7,20,0.2,0.18181818181818182,1914,0.018181818181818188,0.0005403726708074535,0.01670652173913044
gencast,ERA5,7,20,0.3,0.25,1044,0.04999999999999999,0.00081055900621118,0.01670652173913044
gencast,ERA5,7,20,0.4,0.3225806451612903,682,0.07741935483870971,0.0008198757763975159,0.01670652173913044
gencast,ERA5,7,20,0.5,0.35040983606557374,488,0.14959016393442626,0.0011335403726708078,0.01670652173913044
gencast,ERA5,7,20,0.6,0.4012539184952978,319,0.1987460815047022,0.000984472049689441,0.01670652173913044
gencast,ERA5,7,20,0.7,0.4019138755980861,209,0.29808612440191384,0.000967391304347826,0.01670652173913044
gencast,ERA5,7,20,0.8,0.6060606060606061,132,0.19393939393939397,0.0003975155279503106,0.01670652173913044
gencast,ERA5,7,20,0.9,0.6296296296296297,81,0.27037037037037037,0.0003400621118012422,0.01670652173913044
gencast,ERA5,7,20,1.0,0.7096774193548387,31,0.29032258064516125,0.00013975155279503105,0.01670652173913044
neuralgcm,CHIRPS,1,1,0.0,0.0907396696870381,15561,0.0907396696870381,0.029976222826086956,0.15917544157608696
neuralgcm,CHIRPS,1,1,0.1,0.19802523313219966,3646,0.09802523313219966,0.0075874660326086946,0.15917544157608696
neuralgcm,CHIRPS,1,1,0.2,0.23284313725490197,2448,0.032843137254901955,0.001706861413043478,0.15917544157608696
neuralgcm,CHIRPS,1,1,0.3,0.3094072865687874,1839,0.00940728656878742,0.0003672724184782623,0.15917544157608696
neuralgcm,CHIRPS,1,1,0.4,0.36152471709350803,1679,0.03847528290649199,0.0013714334239130447,0.15917544157608696
neuralgcm,CHIRPS,1,1,0.5,0.38176426982950334,1349,0.11823573017049666,0.0033861243206521736,0.15917544157608696
neuralgcm,CHIRPS,1,1,0.6,0.42784992784992787,1386,0.1721500721500721,0.005065387228260869,0.15917544157608696
neuralgcm,CHIRPS,1,1,0.7,0.46094182825484764,1805,0.23905817174515231,0.009160580842391302,0.15917544157608696
neuralgcm,CHIRPS,1,1,0.8,0.562807881773399,2436,0.23719211822660102,0.01226647418478261,0.15917544157608696
neuralgcm,CHIRPS,1,1,0.9,0.6632803539242995,6103,0.2367196460757005,0.030670431385869567,0.15917544157608696
neuralgcm,CHIRPS,1,1,1.0,0.6934026208766381,8852,0.30659737912336193,0.0576171875,0.15917544157608696
neuralgcm,CHIRPS,1,5,0.0,0.07176545570427023,31380,0.07176545570427023,0.04780910326086956,0.13628141983695655
neuralgcm,CHIRPS,1,5,0.1,0.26261636452719256,2041,0.16261636452719255,0.007046110733695652,0.13628141983695655
neuralgcm,CHIRPS,1,5,0.2,0.3478539397821909,1561,0.1478539397821909,0.004899796195652174,0.13628141983695655
neuralgcm,CHIRPS,1,5,0.3,0.3702726473175022,1137,0.07027264731750221,0.0016962466032608699,0.13628141983695655
neuralgcm,CHIRPS,1,5,0.4,0.3741562198649952,1037,0.025843780135004824,0.0005689538043478262,0.13628141983695655
neuralgcm,CHIRPS,1,5,0.5,0.3796477495107632,1022,0.12035225048923681,0.0026112432065217395,0.13628141983695655
neuralgcm,CHIRPS,1,5,0.6,0.4247363374880153,1043,0.17526366251198466,0.0038807744565217393,0.13628141983695655
neuralgcm,CHIRPS,1,5,0.7,0.41605839416058393,1096,0.283941605839416,0.006606657608695651,0.13628141983695655
neuralgcm,CHIRPS,1,5,0.8,0.43524416135881105,1413,0.364755838641189,0.010941745923913044,0.13628141983695655
neuralgcm,CHIRPS,1,5,0.9,0.5069348127600555,2884,0.39306518723994455,0.024065896739130437,0.13628141983695655
neuralgcm,CHIRPS,1,5,1.0,0.5052208835341365,2490,0.4947791164658635,0.026154891304347828,0.13628141983695655
neuralgcm,CHIRPS,1,10,0.0,0.05124031007751938,38700,0.05124031007751938,0.04209833559782609,0.09241465692934783
neuralgcm,CHIRPS,1,10,0.1,0.2277444019661387,1831,0.1277444019661387,0.004965608016304347,0.09241465692934783
neuralgcm,CHIRPS,1,10,0.2,0.25535714285714284,1120,0.05535714285714283,0.0013162364130434776,0.09241465692934783
neuralgcm,CHIRPS,1,10,0.3,0.23712737127371275,738,0.06287262872628724,0.0009850543478260867,0.09241465692934783
neuralgcm,CHIRPS,1,10,0.4,0.28688524590163933,610,0.11311475409836069,0.0014648437500000004,0.09241465692934783
neuralgcm,CHIRPS,1,10,0.5,0.2821497120921305,521,0.21785028790786948,0.0024095618206521736,0.09241465692934783
neuralgcm,CHIRPS,1,10,0.6,0.2958963282937365,463,0.30410367170626346,0.0029891304347826084,0.09241465692934783
neuralgcm,CHIRPS,1,10,0.7,0.276707530647986,571,0.423292469352014,0.005131199048913043,0.09241465692934783
neuralgcm,CHIRPS,1,10,0.8,0.29838709677419356,620,0.5016129032258065,0.00660241168478261,0.09241465692934783
neuralgcm,CHIRPS,1,10,0.9,0.32170542635658916,1032,0.5782945736434109,0.012669836956521739,0.09241465692934783
neuralgcm,CHIRPS,1,10,1.0,0.3819599109131403,898,0.6180400890868597,0.011782438858695652,0.09241465692934783
neuralgcm,CHIRPS,1,20,0.0,0.019805281408375567,44988,0.019805281408375567,0.018915591032608696,0.031073794157608695
neuralgcm,CHIRPS,1,20,0.1,0.13488372093023257,645,0.034883720930232565,0.0004776664402173914,0.031073794157608695
neuralgcm,CHIRPS,1,20,0.2,0.11075949367088607,316,0.08924050632911394,0.0005986752717391306,0.031073794157608695
neuralgcm,CHIRPS,1,20,0.3,0.15418502202643172,227,0.14581497797356827,0.0007027004076086956,0.031073794157608695
neuralgcm,CHIRPS,1,20,0.4,0.14583333333333334,144,0.25416666666666665,0.0007770040760869565,0.031073794157608695
neuralgcm,CHIRPS,1,20,0.5,0.15151515151515152,132,0.3484848484848485,0.0009765625,0.031073794157608695
neuralgcm,CHIRPS,1,20,0.6,0.15966386554621848,119,0.4403361344537815,0.0011124320652173912,0.031073794157608695
neuralgcm,CHIRPS,1,20,0.7,0.1864406779661017,118,0.5135593220338983,0.0012865149456521739,0.031073794157608695
neuralgcm,CHIRPS,1,20,0.8,0.14655172413793102,116,0.653448275862069,0.0016092051630434783,0.031073794157608695
neuralgcm,CHIRPS,1,20,0.9,0.0962962962962963,135,0.8037037037037037,0.002303413722826087,0.031073794157608695
neuralgcm,CHIRPS,1,20,1.0,0.3353658536585366,164,0.6646341463414633,0.002314028532608695,0.031073794157608695
neuralgcm,CHIRPS,3,1,0.0,0.05959507042253521,11360,0.05959507042253521,0.014372452445652174,0.14956054687499998
neuralgcm,CHIRPS,3,1,0.1,0.13186145432448856,4937,0.03186145432448856,0.0033394191576086958,0.14956054687499998
neuralgcm,CHIRPS,3,1,0.2,0.2095575221238938,2825,0.009557522123893797,0.0005731997282608691,0.14956054687499998
neuralgcm,CHIRPS,3,1,0.3,0.2584014532243415,2202,0.041598546775658496,0.0019446331521739133,0.14956054687499998
neuralgcm,CHIRPS,3,1,0.4,0.28345323741007195,2085,0.11654676258992808,0.005158797554347827,0.14956054687499998
neuralgcm,CHIRPS,3,1,0.5,0.32518597236981933,1882,0.17481402763018067,0.006984544836956522,0.14956054687499998
neuralgcm,CHIRPS,3,1,0.6,0.38756613756613756,2268,0.21243386243386242,0.010228430706521737,0.14956054687499998
neuralgcm,CHIRPS,3,1,0.7,0.4596203944919985,2687,0.24037960550800147,0.01371221127717391,0.14956054687499998
neuralgcm,CHIRPS,3,1,0.8,0.5341919656547072,3261,0.2658080343452929,0.018401834239130437,0.14956054687499998
neuralgcm,CHIRPS,3,1,0.9,0.6327827191867853,3935,0.2672172808132147,0.022322944972826084,0.14956054687499998
neuralgcm,CHIRPS,3,1,1.0,0.7439453529290002,9662,0.2560546470709998,0.052522078804347824,0.14956054687499998
neuralgcm,CHIRPS,3,5,0.0,0.05018600919104238,27418,0.05018600919104238,0.029211956521739132,0.10119522758152175
neuralgcm,CHIRPS,3,5,0.1,0.20362848632548064,3693,0.10362848632548063,0.008124575407608695,0.10119522758152175
neuralgcm,CHIRPS,3,5,0.2,0.26208651399491095,2358,0.06208651399491094,0.003108016304347826,0.10119522758152175
neuralgcm,CHIRPS,3,5,0.3,0.314300151591713,1979,0.014300151591712995,0.0006007982336956525,0.10119522758152175
neuralgcm,CHIRPS,3,5,0.4,0.36045197740112994,1770,0.03954802259887008,0.0014860733695652184,0.10119522758152175
neuralgcm,CHIRPS,3,5,0.5,0.3968253968253968,1638,0.1031746031746032,0.00358780570652174,0.10119522758152175
neuralgcm,CHIRPS,3,5,0.6,0.41478212906784334,1813,0.18521787093215664,0.007128906249999999,0.10119522758152175
neuralgcm,CHIRPS,3,5,0.7,0.46131301289566234,1706,0.2386869871043376,0.008644701086956521,0.10119522758152175
neuralgcm,CHIRPS,3,5,0.8,0.4782608695652174,1518,0.32173913043478264,0.010368546195652174,0.10119522758152175
neuralgcm,CHIRPS,3,5,0.9,0.4813511611541168,1421,0.4186488388458832,0.012629500679347826,0.10119522758152175
neuralgcm,CHIRPS,3,5,1.0,0.5709497206703911,1790,0.42905027932960893,0.016304347826086956,0.10119522758152175
neuralgcm,CHIRPS,3,10,0.0,0.043683130993957535,36078,0.043683130993957535,0.03345788043478261,0.06893257472826086
neuralgcm,CHIRPS,3,10,0.1,0.18001722652885443,3483,0.08001722652885443,0.005916694972826086,0.06893257472826086
neuralgcm,CHIRPS,3,10,0.2,0.20981472208312468,1997,0.009814722083124672,0.0004161005434782602,0.06893257472826086
neuralgcm,CHIRPS,3,10,0.3,0.2487382840663302,1387,0.051261715933669794,0.0015094259510869566,0.06893257472826086
neuralgcm,CHIRPS,3,10,0.4,0.27450980392156865,1020,0.12549019607843137,0.002717391304347826,0.06893257472826086
neuralgcm,CHIRPS,3,10,0.5,0.2802631578947368,760,0.21973684210526317,0.0035453464673913045,0.06893257472826086
neuralgcm,CHIRPS,3,10,0.6,0.27121212121212124,660,0.32878787878787874,0.004606827445652173,0.06893257472826086
neuralgcm,CHIRPS,3,10,0.7,0.31523642732049034,571,0.3847635726795096,0.00466414741847826,0.06893257472826086
neuralgcm,CHIRPS,3,10,0.8,0.3418803418803419,468,0.45811965811965816,0.004551630434782609,0.06893257472826086
neuralgcm,CHIRPS,3,10,0.9,0.389873417721519,395,0.5101265822784811,0.004277768342391305,0.06893257472826086
neuralgcm,CHIRPS,3,10,1.0,0.45964912280701753,285,0.5403508771929825,0.0032693614130434785,0.06893257472826086
neuralgcm,CHIRPS,3,20,0.0,0.01906732023204569,44474,0.01906732023204569,0.018002717391304348,0.023051120923913045
neuralgcm,CHIRPS,3,20,0.1,0.09531129900076864,1301,0.004688700999231368,0.00012950067934782632,0.023051120923913045
neuralgcm,CHIRPS,3,20,0.2,0.12052117263843648,614,0.07947882736156353,0.0010360054347826088,0.023051120923913045
neuralgcm,CHIRPS,3,20,0.3,0.21245421245421245,273,0.08754578754578754,0.0005073879076086957,0.023051120923913045
neuralgcm,CHIRPS,3,20,0.4,0.15384615384615385,169,0.24615384615384617,0.0008831521739130435,0.023051120923913045
neuralgcm,CHIRPS,3,20,0.5,0.18181818181818182,77,0.3181818181818182,0.0005201256793478261,0.023051120923913045
neuralgcm,CHIRPS,3,20,0.6,0.13432835820895522,67,0.46567164179104475,0.0006623641304347826,0.023051120923913045
neuralgcm,CHIRPS,3,20,0.7,0.3157894736842105,57,0.38421052631578945,0.00046492866847826084,0.023051120923913045
neuralgcm,CHIRPS,3,20,0.8,0.2702702702702703,37,0.5297297297297298,0.0004161005434782609,0.023051120923913045
neuralgcm,CHIRPS,3,20,0.9,0.3333333333333333,18,0.5666666666666667,0.0002165421195652174,0.023051120923913045
neuralgcm,CHIRPS,3,20,1.0,0.4117647058823529,17,0.5882352941176471,0.0002122961956521739,0.023051120923913045
neuralgcm,CHIRPS,5,1,0.0,0.06449050909379715,12591,0.06449050909379715,0.01723845108695652,0.13921747622282607
neuralgcm,CHIRPS,5,1,0.1,0.1437944231820667,3658,0.043794423182066694,0.0034009850543478253,0.13921747622282607
neuralgcm,CHIRPS,5,1,0.2,0.19393511988716503,2836,0.006064880112834986,0.00036514945652173957,0.13921747622282607
neuralgcm,CHIRPS,5,1,0.3,0.2636857501044714,2393,0.036314249895528616,0.0018448539402173907,0.13921747622282607
neuralgcm,CHIRPS,5,1,0.4,0.30573505654281097,2476,0.09426494345718905,0.004954993206521741,0.13921747622282607
neuralgcm,CHIRPS,5,1,0.5,0.3747549980399843,2551,0.1252450019600157,0.006782863451086958,0.13921747622282607
neuralgcm,CHIRPS,5,1,0.6,0.44025157232704404,2544,0.15974842767295594,0.008627717391304345,0.13921747622282607
neuralgcm,CHIRPS,5,1,0.7,0.4785598705501618,2472,0.22144012944983815,0.011621093749999999,0.13921747622282607
neuralgcm,CHIRPS,5,1,0.8,0.567206863679695,3147,0.23279313632030507,0.015552819293478263,0.13921747622282607
neuralgcm,CHIRPS,5,1,0.9,0.6370039915473116,4259,0.26299600845268845,0.023779296875,0.13921747622282607
neuralgcm,CHIRPS,5,1,1.0,0.740491622844564,8177,0.25950837715543595,0.045049252717391304,0.13921747622282607
neuralgcm,CHIRPS,5,5,0.0,0.051496644801327,26526,0.051496644801327,0.028999660326086956,0.09671365489130435
neuralgcm,CHIRPS,5,5,0.1,0.19637664951912323,4471,0.09637664951912323,0.009147843070652173,0.09671365489130435
neuralgcm,CHIRPS,5,5,0.2,0.2804560260586319,3070,0.08045602605863189,0.005243716032608693,0.09671365489130435
neuralgcm,CHIRPS,5,5,0.3,0.29259896729776247,2324,0.00740103270223752,0.00036514945652173903,0.09671365489130435
neuralgcm,CHIRPS,5,5,0.4,0.3432459677419355,1984,0.056754032258064524,0.0023904551630434786,0.09671365489130435
neuralgcm,CHIRPS,5,5,0.5,0.3575547866205306,1734,0.14244521337946942,0.005243716032608695,0.09671365489130435
neuralgcm,CHIRPS,5,5,0.6,0.3868046571798189,1546,0.2131953428201811,0.006997282608695652,0.09671365489130435
neuralgcm,CHIRPS,5,5,0.7,0.4474948524365134,1457,0.2525051475634866,0.0078103770380434775,0.09671365489130435
neuralgcm,CHIRPS,5,5,0.8,0.48243045387994143,1366,0.3175695461200586,0.009209408967391305,0.09671365489130435
neuralgcm,CHIRPS,5,5,0.9,0.515625,1344,0.384375,0.010967221467391304,0.09671365489130435
neuralgcm,CHIRPS,5,5,1.0,0.6201248049921997,1282,0.3798751950078003,0.01033882472826087,0.09671365489130435
neuralgcm,CHIRPS,5,10,0.0,0.046370411261385594,36230,0.046370411261385594,0.035665760869565216,0.06399881114130435
neuralgcm,CHIRPS,5,10,0.1,0.165519000255037,3921,0.06551900025503699,0.005453889266304348,0.06399881114130435
neuralgcm,CHIRPS,5,10,0.2,0.2017848289538919,2017,0.0017848289538918982,7.642663043478173e-05,0.06399881114130435
neuralgcm,CHIRPS,5,10,0.3,0.23458646616541354,1330,0.06541353383458645,0.0018469769021739128,0.06399881114130435
neuralgcm,CHIRPS,5,10,0.4,0.23659003831417624,1044,0.16340996168582378,0.0036217730978260875,0.06399881114130435
neuralgcm,CHIRPS,5,10,0.5,0.27918170878459686,831,0.22081829121540314,0.0038956351902173915,0.06399881114130435
neuralgcm,CHIRPS,5,10,0.6,0.3270868824531516,587,0.2729131175468484,0.0034009850543478258,0.06399881114130435
neuralgcm,CHIRPS,5,10,0.7,0.3276595744680851,470,0.3723404255319149,0.0037151834239130435,0.06399881114130435
neuralgcm,CHIRPS,5,10,0.8,0.3983286908077994,359,0.4016713091922006,0.003061311141304348,0.06399881114130435
neuralgcm,CHIRPS,5,10,0.9,0.41517857142857145,224,0.48482142857142857,0.002305536684782609,0.06399881114130435
neuralgcm,CHIRPS,5,10,1.0,0.5054945054945055,91,0.4945054945054945,0.0009553328804347826,0.06399881114130435
neuralgcm,CHIRPS,5,20,0.0,0.019603907399973235,44838,0.019603907399973235,0.018660835597826084,0.022002377717391303
neuralgcm,CHIRPS,5,20,0.1,0.0920951650038373,1303,0.007904834996162707,0.00021866508152173928,0.022002377717391303
neuralgcm,CHIRPS,5,20,0.2,0.1314655172413793,464,0.0685344827586207,0.0006751019021739132,0.022002377717391303
neuralgcm,CHIRPS,5,20,0.3,0.12206572769953052,213,0.1779342723004695,0.000804602581521739,0.022002377717391303
neuralgcm,CHIRPS,5,20,0.4,0.1834862385321101,109,0.21651376146788992,0.0005010190217391305,0.022002377717391303
neuralgcm,CHIRPS,5,20,0.5,0.3068181818181818,88,0.19318181818181818,0.00036090353260869563,0.022002377717391303
neuralgcm,CHIRPS,5,20,0.6,0.23404255319148937,47,0.3659574468085106,0.00036514945652173914,0.022002377717391303
neuralgcm,CHIRPS,5,20,0.7,0.24,25,0.45999999999999996,0.00024414062499999997,0.022002377717391303
neuralgcm,CHIRPS,5,20,0.8,0.4166666666666667,12,0.38333333333333336,9.765625e-05,0.022002377717391303
neuralgcm,CHIRPS,5,20,0.9,0.2,5,0.7,7.430366847826086e-05,0.022002377717391303
neuralgcm,CHIRPS,5,20,1.0,,0,,,0.022002377717391303
neuralgcm,CHIRPS,7,1,0.0,0.056485551295239876,10693,0.056485551295239876,0.012822690217391304,0.1516134510869565
neuralgcm,CHIRPS,7,1,0.1,0.13277034951911798,4263,0.032770349519117975,0.002965777853260868,0.1516134510869565
neuralgcm,CHIRPS,7,1,0.2,0.18199672667757774,3055,0.01800327332242227,0.0011676290760869574,0.1516134510869565
neuralgcm,CHIRPS,7,1,0.3,0.23471698113207548,2650,0.06528301886792451,0.0036727241847826077,0.1516134510869565
neuralgcm,CHIRPS,7,1,0.4,0.27586206896551724,2262,0.12413793103448278,0.005961277173913045,0.1516134510869565
neuralgcm,CHIRPS,7,1,0.5,0.31945059813912274,2257,0.18054940186087726,0.008651069972826086,0.1516134510869565
neuralgcm,CHIRPS,7,1,0.6,0.39645719105862504,2371,0.20354280894137494,0.010245414402173912,0.1516134510869565
neuralgcm,CHIRPS,7,1,0.7,0.4702054794520548,2920,0.22979452054794514,0.014245074728260865,0.1516134510869565
neuralgcm,CHIRPS,7,1,0.8,0.5584763948497854,3728,0.24152360515021465,0.019115149456521742,0.1516134510869565
neuralgcm,CHIRPS,7,1,0.9,0.6196257961783439,5024,0.2803742038216561,0.029904042119565225,0.1516134510869565
neuralgcm,CHIRPS,7,1,1.0,0.7438142367719832,7881,0.2561857632280168,0.04286260190217392,0.1516134510869565
neuralgcm,CHIRPS,7,5,0.0,0.03570363427208044,23471,0.03570363427208044,0.017790421195652176,0.09026621942934783
neuralgcm,CHIRPS,7,5,0.1,0.156,4750,0.055999999999999994,0.005647078804347825,0.09026621942934783
neuralgcm,CHIRPS,7,5,0.2,0.21900452488687783,3315,0.019004524886877816,0.0013374660326086947,0.09026621942934783
neuralgcm,CHIRPS,7,5,0.3,0.2892175943947061,2569,0.010782405605293865,0.0005880604619565205,0.09026621942934783
neuralgcm,CHIRPS,7,5,0.4,0.31825460368294634,2498,0.08174539631705369,0.004335088315217394,0.09026621942934783
neuralgcm,CHIRPS,7,5,0.5,0.37660611431103236,2257,0.12339388568896764,0.005912449048913043,0.09026621942934783
neuralgcm,CHIRPS,7,5,0.6,0.41543756145526056,2034,0.18456243854473942,0.007969599184782608,0.09026621942934783
neuralgcm,CHIRPS,7,5,0.7,0.43529411764705883,1870,0.2647058823529411,0.010508661684782606,0.09026621942934783
neuralgcm,CHIRPS,7,5,0.8,0.44724501758499413,1706,0.3527549824150059,0.012775985054347828,0.09026621942934783
neuralgcm,CHIRPS,7,5,0.9,0.48838752488387527,1507,0.41161247511612475,0.013168733016304347,0.09026621942934783
neuralgcm,CHIRPS,7,5,1.0,0.5723158828748891,1127,0.4276841171251109,0.010232676630434782,0.09026621942934783
neuralgcm,CHIRPS,7,10,0.0,0.03610385619910893,32545,0.03610385619910893,0.024944802989130436,0.06288001019021738
neuralgcm,CHIRPS,7,10,0.1,0.14519629118169264,5069,0.04519629118169263,0.004863705842391304,0.06288001019021738
neuralgcm,CHIRPS,7,10,0.2,0.19540636042402826,2830,0.004593639575971753,0.00027598505434782737,0.06288001019021738
neuralgcm,CHIRPS,7,10,0.3,0.22904761904761906,2100,0.07095238095238093,0.00316321331521739,0.06288001019021738
neuralgcm,CHIRPS,7,10,0.4,0.21584302325581395,1376,0.18415697674418607,0.005379585597826088,0.06288001019021738
neuralgcm,CHIRPS,7,10,0.5,0.2479757085020243,988,0.25202429149797567,0.00528617527173913,0.06288001019021738
neuralgcm,CHIRPS,7,10,0.6,0.26181818181818184,825,0.33818181818181814,0.005923063858695651,0.06288001019021738
neuralgcm,CHIRPS,7,10,0.7,0.29900332225913623,602,0.4009966777408637,0.0051248301630434775,0.06288001019021738
neuralgcm,CHIRPS,7,10,0.8,0.33495145631067963,412,0.4650485436893204,0.0040675951086956525,0.06288001019021738
neuralgcm,CHIRPS,7,10,0.9,0.4140625,256,0.4859375,0.0026409646739130434,0.06288001019021738
neuralgcm,CHIRPS,7,10,1.0,0.43564356435643564,101,0.5643564356435644,0.0012100883152173915,0.06288001019021738
neuralgcm,CHIRPS,7,20,0.0,0.0181683694697425,43262,0.0181683694697425,0.016686480978260868,0.023671025815217392
neuralgcm,CHIRPS,7,20,0.1,0.07262823422605538,2203,0.027371765773944623,0.0012801460597826088,0.023671025815217392
neuralgcm,CHIRPS,7,20,0.2,0.1003627569528416,827,0.09963724304715842,0.0017493206521739134,0.023671025815217392
neuralgcm,CHIRPS,7,20,0.3,0.1475,400,0.1525,0.0012950067934782608,0.023671025815217392
neuralgcm,CHIRPS,7,20,0.4,0.15384615384615385,208,0.24615384615384617,0.0010869565217391304,0.023671025815217392
neuralgcm,CHIRPS,7,20,0.5,0.18888888888888888,90,0.3111111111111111,0.000594429347826087,0.023671025815217392
neuralgcm,CHIRPS,7,20,0.6,0.16666666666666666,60,0.43333333333333335,0.0005519701086956522,0.023671025815217392
neuralgcm,CHIRPS,7,20,0.7,0.45454545454545453,33,0.24545454545454543,0.00017195991847826085,0.023671025815217392
neuralgcm,CHIRPS,7,20,0.8,0.25,20,0.55,0.0002335258152173913,0.023671025815217392
neuralgcm,CHIRPS,7,20,0.9,,0,,,0.023671025815217392
neuralgcm,CHIRPS,7,20,1.0,0.0,1,1.0,2.122961956521739e-05,0.023671025815217392
neuralgcm,ERA5,1,1,0.0,0.06729043137681553,18383,0.06729043137681553,0.01920807453416149,0.10099999999999999
neuralgcm,ERA5,1,1,0.1,0.1676779935275081,4944,0.06767799352750808,0.005195652173913043,0.10099999999999999
neuralgcm,ERA5,1,1,0.2,0.23109965635738833,3492,0.031099656357388317,0.001686335403726708,0.10099999999999999
neuralgcm,ERA5,1,1,0.3,0.3042986425339366,2652,0.004298642533936636,0.00017701863354037202,0.10099999999999999
neuralgcm,ERA5,1,1,0.4,0.37926675094816686,2373,0.020733249051833158,0.0007639751552795044,0.10099999999999999
neuralgcm,ERA5,1,1,0.5,0.4499484004127967,1938,0.05005159958720329,0.0015062111801242232,0.10099999999999999
neuralgcm,ERA5,1,1,0.6,0.4992643452672879,2039,0.10073565473271207,0.003189440993788818,0.10099999999999999
neuralgcm,ERA5,1,1,0.7,0.5558223289315727,2499,0.14417767106842727,0.005594720496894407,0.10099999999999999
neuralgcm,ERA5,1,1,0.8,0.6509609423434594,3226,0.14903905765654069,0.007465838509316774,0.10099999999999999
neuralgcm,ERA5,1,1,0.9,0.7308491480814517,7219,0.16915085191854828,0.018961180124223605,0.10099999999999999
neuralgcm,ERA5,1,1,1.0,0.8465622001918772,15635,0.15343779980812278,0.03725155279503105,0.10099999999999999
neuralgcm,ERA5,1,5,0.0,0.05193849775619804,40779,0.05193849775619804,0.03288819875776398,0.10521894409937889
neuralgcm,ERA5,1,5,0.1,0.2614738202973497,3094,0.16147382029734972,0.007757763975155279,0.10521894409937889
neuralgcm,ERA5,1,5,0.2,0.3316831683168317,2222,0.1316831683168317,0.004543478260869565,0.10521894409937889
neuralgcm,ERA5,1,5,0.3,0.36617927527018435,1573,0.06617927527018436,0.0016164596273291925,0.10521894409937889
neuralgcm,ERA5,1,5,0.4,0.4198581560283688,1410,0.019858156028368767,0.00043478260869565154,0.10521894409937889
neuralgcm,ERA5,1,5,0.5,0.4249456127628716,1379,0.07505438723712837,0.0016071428571428573,0.10521894409937889
neuralgcm,ERA5,1,5,0.6,0.49047282992237123,1417,0.10952717007762874,0.0024099378881987567,0.10521894409937889
neuralgcm,ERA5,1,5,0.7,0.5284552845528455,1476,0.17154471544715444,0.00393167701863354,0.10521894409937889
neuralgcm,ERA5,1,5,0.8,0.5392103839913467,1849,0.26078961600865336,0.007487577639751553,0.10521894409937889
neuralgcm,ERA5,1,5,0.9,0.6025748670584943,3573,0.29742513294150574,0.016501552795031054,0.10521894409937889
neuralgcm,ERA5,1,5,1.0,0.7020255863539445,5628,0.2979744136460555,0.026040372670807457,0.10521894409937889
neuralgcm,ERA5,1,10,0.0,0.04355699017851871,50807,0.04355699017851871,0.034363354037267084,0.08265993788819875
neuralgcm,ERA5,1,10,0.1,0.2361482613679786,2617,0.13614826136797858,0.0055326086956521735,0.08265993788819875
neuralgcm,ERA5,1,10,0.2,0.28858218318695106,1594,0.08858218318695105,0.0021925465838509312,0.08265993788819875
neuralgcm,ERA5,1,10,0.3,0.3017319963536919,1097,0.0017319963536919225,2.9503105590062717e-05,0.08265993788819875
neuralgcm,ERA5,1,10,0.4,0.3473325766174801,881,0.052667423382519896,0.0007204968944099383,0.08265993788819875
neuralgcm,ERA5,1,10,0.5,0.3731527093596059,812,0.12684729064039407,0.0015993788819875774,0.08265993788819875
neuralgcm,ERA5,1,10,0.6,0.38271604938271603,729,0.21728395061728395,0.0024596273291925467,0.08265993788819875
neuralgcm,ERA5,1,10,0.7,0.40090600226500567,883,0.2990939977349943,0.0041009316770186325,0.08265993788819875
neuralgcm,ERA5,1,10,0.8,0.42177589852008457,946,0.3782241014799155,0.005555900621118013,0.08265993788819875
neuralgcm,ERA5,1,10,0.9,0.4673024523160763,1468,0.4326975476839237,0.009863354037267081,0.08265993788819875
neuralgcm,ERA5,1,10,1.0,0.5923616523772408,2566,0.4076383476227592,0.01624223602484472,0.08265993788819875
neuralgcm,ERA5,1,20,0.0,0.020269476651509303,59597,0.020269476651509303,0.01875776397515528,0.03691770186335404
neuralgcm,ERA5,1,20,0.1,0.1800796812749004,1255,0.0800796812749004,0.00156055900621118,0.03691770186335404
neuralgcm,ERA5,1,20,0.2,0.21496815286624205,628,0.014968152866242035,0.00014596273291925463,0.03691770186335404
neuralgcm,ERA5,1,20,0.3,0.23853211009174313,436,0.061467889908256856,0.0004161490683229812,0.03691770186335404
neuralgcm,ERA5,1,20,0.4,0.26384364820846906,307,0.13615635179153096,0.0006490683229813665,0.03691770186335404
neuralgcm,ERA5,1,20,0.5,0.27238805970149255,268,0.22761194029850745,0.0009472049689440993,0.03691770186335404
neuralgcm,ERA5,1,20,0.6,0.24596774193548387,248,0.3540322580645161,0.0013633540372670807,0.03691770186335404
neuralgcm,ERA5,1,20,0.7,0.30677290836653387,251,0.3932270916334661,0.0015326086956521736,0.03691770186335404
neuralgcm,ERA5,1,20,0.8,0.2891566265060241,249,0.5108433734939759,0.0019751552795031057,0.03691770186335404
neuralgcm,ERA5,1,20,0.9,0.3112391930835735,347,0.5887608069164265,0.003172360248447205,0.03691770186335404
neuralgcm,ERA5,1,20,1.0,0.49385749385749383,814,0.5061425061425062,0.006397515527950311,0.03691770186335404
neuralgcm,ERA5,3,1,0.0,0.05312403340550572,12932,0.05312403340550572,0.010667701863354036,0.10185093167701864
neuralgcm,ERA5,3,1,0.1,0.13536121673003804,6575,0.03536121673003803,0.00361024844720497,0.10185093167701864
neuralgcm,ERA5,3,1,0.2,0.20380766414449597,4097,0.003807664144495959,0.00024223602484471963,0.10185093167701864
neuralgcm,ERA5,3,1,0.3,0.26828518746158575,3254,0.03171481253841424,0.0016024844720496883,0.10185093167701864
neuralgcm,ERA5,3,1,0.4,0.3063063063063063,2997,0.09369369369369374,0.004360248447204971,0.10185093167701864
neuralgcm,ERA5,3,1,0.5,0.38105413105413105,2808,0.11894586894586895,0.005186335403726708,0.10185093167701864
neuralgcm,ERA5,3,1,0.6,0.4609053497942387,3159,0.13909465020576128,0.006822981366459625,0.10185093167701864
neuralgcm,ERA5,3,1,0.7,0.5498521902714324,3721,0.15014780972856756,0.008675465838509314,0.10185093167701864
neuralgcm,ERA5,3,1,0.8,0.6415841584158416,4545,0.15841584158415845,0.011180124223602487,0.10185093167701864
neuralgcm,ERA5,3,1,0.9,0.719047619047619,5670,0.18095238095238098,0.015931677018633544,0.10185093167701864
neuralgcm,ERA5,3,1,1.0,0.8523425761507991,14642,0.1476574238492009,0.033571428571428565,0.10185093167701864
neuralgcm,ERA5,3,5,0.0,0.03869860122146858,35531,0.03869860122146858,0.021350931677018636,0.06929813664596274
neuralgcm,ERA5,3,5,0.1,0.17270992366412213,5240,0.07270992366412213,0.005916149068322981,0.06929813664596274
neuralgcm,ERA5,3,5,0.2,0.23658751099384345,3411,0.03658751099384344,0.0019378881987577637,0.06929813664596274
neuralgcm,ERA5,3,5,0.3,0.31156848828956707,2818,0.01156848828956708,0.0005062111801242241,0.06929813664596274
neuralgcm,ERA5,3,5,0.4,0.39111803661862093,2567,0.008881963381379088,0.0003540372670807472,0.06929813664596274
neuralgcm,ERA5,3,5,0.5,0.4445849136114623,2373,0.055415086388537704,0.002041925465838509,0.06929813664596274
neuralgcm,ERA5,3,5,0.6,0.5072,2500,0.0928,0.003602484472049689,0.06929813664596274
neuralgcm,ERA5,3,5,0.7,0.5618577887381833,2433,0.1381422112618167,0.005218944099378882,0.06929813664596274
neuralgcm,ERA5,3,5,0.8,0.6071107110711071,2222,0.1928892889288929,0.00665527950310559,0.06929813664596274
neuralgcm,ERA5,3,5,0.9,0.6411657559198543,2196,0.25883424408014577,0.00882608695652174,0.06929813664596274
neuralgcm,ERA5,3,5,1.0,0.7330331296236732,3109,0.2669668703763268,0.012888198757763977,0.06929813664596274
neuralgcm,ERA5,3,10,0.0,0.03551063829787234,47000,0.03551063829787234,0.025916149068322982,0.05469565217391304
neuralgcm,ERA5,3,10,0.1,0.16399036531513447,4982,0.06399036531513447,0.0049503105590062105,0.05469565217391304
neuralgcm,ERA5,3,10,0.2,0.2373806275579809,2932,0.03738062755798088,0.0017018633540372664,0.05469565217391304
neuralgcm,ERA5,3,10,0.3,0.3142584644730567,2097,0.014258464473056731,0.00046428571428571374,0.05469565217391304
neuralgcm,ERA5,3,10,0.4,0.3491671807526218,1621,0.0508328192473782,0.0012795031055900631,0.05469565217391304
neuralgcm,ERA5,3,10,0.5,0.37308622078968573,1241,0.12691377921031427,0.0024456521739130437,0.05469565217391304
neuralgcm,ERA5,3,10,0.6,0.4410745233968804,1154,0.15892547660311956,0.0028478260869565213,0.05469565217391304
neuralgcm,ERA5,3,10,0.7,0.4550379198266522,923,0.24496208017334775,0.003510869565217391,0.05469565217391304
neuralgcm,ERA5,3,10,0.8,0.5418060200668896,897,0.25819397993311044,0.003596273291925467,0.05469565217391304
neuralgcm,ERA5,3,10,0.9,0.6345903771131339,769,0.2654096228868661,0.0031692546583850937,0.05469565217391304
neuralgcm,ERA5,3,10,1.0,0.6045918367346939,784,0.39540816326530615,0.0048136645962732925,0.05469565217391304
neuralgcm,ERA5,3,20,0.0,0.01895011232872014,58311,0.01895011232872014,0.017158385093167704,0.025701863354037274
neuralgcm,ERA5,3,20,0.1,0.1371520774505849,2479,0.03715207745058491,0.0014301242236024845,0.025701863354037274
neuralgcm,ERA5,3,20,0.2,0.19572368421052633,1216,0.004276315789473684,8.074534161490683e-05,0.025701863354037274
neuralgcm,ERA5,3,20,0.3,0.2808683853459973,737,0.019131614654002704,0.00021894409937888188,0.025701863354037274
neuralgcm,ERA5,3,20,0.4,0.3347732181425486,463,0.0652267818574514,0.0004689440993788819,0.025701863354037274
neuralgcm,ERA5,3,20,0.5,0.3446969696969697,264,0.15530303030303028,0.0006366459627329191,0.025701863354037274
neuralgcm,ERA5,3,20,0.6,0.31654676258992803,278,0.28345323741007195,0.0012236024844720498,0.025701863354037274
neuralgcm,ERA5,3,20,0.7,0.4107142857142857,224,0.28928571428571426,0.0010062111801242236,0.025701863354037274
neuralgcm,ERA5,3,20,0.8,0.4540229885057471,174,0.3459770114942529,0.0009347826086956523,0.025701863354037274
neuralgcm,ERA5,3,20,0.9,0.3333333333333333,132,0.5666666666666667,0.0011614906832298135,0.025701863354037274
neuralgcm,ERA5,3,20,1.0,0.27049180327868855,122,0.7295081967213115,0.0013819875776397517,0.025701863354037274
neuralgcm,ERA5,5,1,0.0,0.042031029619181946,14180,0.042031029619181946,0.009254658385093168,0.09461335403726708
neuralgcm,ERA5,5,1,0.1,0.13751284686536486,4865,0.03751284686536485,0.0028338509316770183,0.09461335403726708
neuralgcm,ERA5,5,1,0.2,0.19390368852459017,3904,0.0060963114754098435,0.0003695652173913048,0.09461335403726708
neuralgcm,ERA5,5,1,0.3,0.26042908224076283,3356,0.039570917759237156,0.002062111801242234,0.09461335403726708
neuralgcm,ERA5,5,1,0.4,0.3160264105642257,3332,0.08397358943577432,0.00434472049689441,0.09461335403726708
neuralgcm,ERA5,5,1,0.5,0.39845834568633265,3373,0.10154165431366735,0.005318322981366459,0.09461335403726708
neuralgcm,ERA5,5,1,0.6,0.4793932455638237,3494,0.1206067544361763,0.006543478260869566,0.09461335403726708
neuralgcm,ERA5,5,1,0.7,0.5507326513685374,3617,0.14926734863146252,0.008383540372670806,0.09461335403726708
neuralgcm,ERA5,5,1,0.8,0.6295819935691318,4665,0.17041800643086824,0.012344720496894416,0.09461335403726708
neuralgcm,ERA5,5,1,0.9,0.7402696904688937,6526,0.15973030953110634,0.016186335403726708,0.09461335403726708
neuralgcm,ERA5,5,1,1.0,0.8672830073349633,13088,0.13271699266503667,0.026972049689440992,0.09461335403726708
neuralgcm,ERA5,5,5,0.0,0.030469244447123355,33181,0.030469244447123355,0.015698757763975158,0.064
neuralgcm,ERA5,5,5,0.1,0.1588226034944121,6353,0.058822603494412096,0.005802795031055901,0.064
neuralgcm,ERA5,5,5,0.2,0.2635321100917431,4360,0.06353211009174309,0.004301242236024843,0.064
neuralgcm,ERA5,5,5,0.3,0.31305903398926654,3354,0.013059033989266555,0.0006801242236024849,0.064
neuralgcm,ERA5,5,5,0.4,0.3715753424657534,2920,0.02842465753424661,0.0012888198757763992,0.064
neuralgcm,ERA5,5,5,0.5,0.4331279449075752,2759,0.06687205509242478,0.0028649068322981358,0.064
neuralgcm,ERA5,5,5,0.6,0.48711656441717793,2445,0.11288343558282204,0.004285714285714284,0.064
neuralgcm,ERA5,5,5,0.7,0.5289438798055678,2263,0.17105612019443217,0.0060108695652173905,0.064
neuralgcm,ERA5,5,5,0.8,0.6074808472284813,2219,0.19251915277151876,0.006633540372670809,0.064
neuralgcm,ERA5,5,5,0.9,0.6889676561807709,2257,0.21103234381922908,0.0073959627329192555,0.064
neuralgcm,ERA5,5,5,1.0,0.745740498034076,2289,0.25425950196592395,0.00903726708074534,0.064
neuralgcm,ERA5,5,10,0.0,0.03306310254163015,45640,0.03306310254163015,0.02343167701863354,0.05157142857142857
neuralgcm,ERA5,5,10,0.1,0.1777143816076523,5959,0.07771438160765229,0.007190993788819875,0.05157142857142857
neuralgcm,ERA5,5,10,0.2,0.22853651084631837,3273,0.028536510846318364,0.0014503105590062113,0.05157142857142857
neuralgcm,ERA5,5,10,0.3,0.28778821520068315,2342,0.012211784799316838,0.0004440993788819881,0.05157142857142857
neuralgcm,ERA5,5,10,0.4,0.329073482428115,1878,0.070926517571885,0.0020683229813664604,0.05157142857142857
neuralgcm,ERA5,5,10,0.5,0.3616133518776078,1438,0.1383866481223922,0.0030900621118012425,0.05157142857142857
neuralgcm,ERA5,5,10,0.6,0.4381533101045296,1148,0.16184668989547035,0.002885093167701863,0.05157142857142857
neuralgcm,ERA5,5,10,0.7,0.4908350305498982,982,0.20916496945010177,0.003189440993788819,0.05157142857142857
neuralgcm,ERA5,5,10,0.8,0.5768757687576875,813,0.2231242312423125,0.0028167701863354047,0.05157142857142857
neuralgcm,ERA5,5,10,0.9,0.6365159128978225,597,0.2634840871021775,0.0024425465838509314,0.05157142857142857
neuralgcm,ERA5,5,10,1.0,0.5,330,0.5,0.002562111801242236,0.05157142857142857
neuralgcm,ERA5,5,20,0.0,0.019352482960077896,57512,0.019352482960077896,0.017282608695652173,0.024954968944099376
neuralgcm,ERA5,5,20,0.1,0.11689961880559085,3148,0.01689961880559085,0.000826086956521739,0.024954968944099376
neuralgcm,ERA5,5,20,0.2,0.20213577421815407,1311,0.0021357742181540573,4.347826086956474e-05,0.024954968944099376
neuralgcm,ERA5,5,20,0.3,0.21923076923076923,780,0.08076923076923076,0.0009782608695652173,0.024954968944099376
neuralgcm,ERA5,5,20,0.4,0.2876712328767123,584,0.11232876712328771,0.001018633540372671,0.024954968944099376
neuralgcm,ERA5,5,20,0.5,0.28061224489795916,392,0.21938775510204084,0.0013354037267080746,0.024954968944099376
neuralgcm,ERA5,5,20,0.6,0.328125,256,0.271875,0.0010807453416149069,0.024954968944099376
neuralgcm,ERA5,5,20,0.7,0.397196261682243,214,0.302803738317757,0.0010062111801242236,0.024954968944099376
neuralgcm,ERA5,5,20,0.8,0.456,125,0.34400000000000003,0.0006677018633540373,0.024954968944099376
neuralgcm,ERA5,5,20,0.9,0.423728813559322,59,0.476271186440678,0.00043633540372670814,0.024954968944099376
neuralgcm,ERA5,5,20,1.0,0.05263157894736842,19,0.9473684210526316,0.00027950310559006215,0.024954968944099376
neuralgcm,ERA5,7,1,0.0,0.029519650655021833,11450,0.029519650655021833,0.0052484472049689436,0.10452018633540372
neuralgcm,ERA5,7,1,0.1,0.1164079822616408,5412,0.016407982261640794,0.0013788819875776394,0.10452018633540372
neuralgcm,ERA5,7,1,0.2,0.18420441347270616,4305,0.015795586527293848,0.0010559006211180127,0.10452018633540372
neuralgcm,ERA5,7,1,0.3,0.23426482110211544,3829,0.06573517889788455,0.003908385093167701,0.10452018633540372
neuralgcm,ERA5,7,1,0.4,0.281638846737481,3295,0.118361153262519,0.006055900621118014,0.10452018633540372
neuralgcm,ERA5,7,1,0.5,0.35574644549763035,3376,0.14425355450236965,0.007562111801242236,0.10452018633540372
neuralgcm,ERA5,7,1,0.6,0.4492298916143754,3506,0.1507701083856246,0.008208074534161489,0.10452018633540372
neuralgcm,ERA5,7,1,0.7,0.5227708533077661,4172,0.17722914669223389,0.011481366459627327,0.10452018633540372
neuralgcm,ERA5,7,1,0.8,0.6253244345569151,5394,0.17467556544308493,0.014630434782608698,0.10452018633540372
neuralgcm,ERA5,7,1,0.9,0.7164892164892165,7326,0.18351078351078354,0.02087577639751553,0.10452018633540372
neuralgcm,ERA5,7,1,1.0,0.874098094852047,12335,0.12590190514795296,0.02411490683229813,0.10452018633540372
neuralgcm,ERA5,7,5,0.0,0.02267435975301144,29637,0.02267435975301144,0.010434782608695653,0.06025931677018634
neuralgcm,ERA5,7,5,0.1,0.1346378504672897,6848,0.034637850467289705,0.003683229813664595,0.06025931677018634
neuralgcm,ERA5,7,5,0.2,0.19697279607281654,4889,0.003027203927183475,0.0002298136645962734,0.06025931677018634
neuralgcm,ERA5,7,5,0.3,0.28267555099948743,3902,0.017324449000512554,0.0010496894409937885,0.06025931677018634
neuralgcm,ERA5,7,5,0.4,0.3512985199664898,3581,0.048701480033510214,0.0027080745341614915,0.06025931677018634
neuralgcm,ERA5,7,5,0.5,0.4243531202435312,3285,0.07564687975646878,0.003858695652173912,0.06025931677018634
neuralgcm,ERA5,7,5,0.6,0.4561705053282915,2909,0.14382949467170847,0.006496894409937888,0.06025931677018634
neuralgcm,ERA5,7,5,0.7,0.511756061719324,2722,0.18824393828067598,0.007956521739130435,0.06025931677018634
neuralgcm,ERA5,7,5,0.8,0.5635610766045549,2415,0.23643892339544514,0.008866459627329192,0.06025931677018634
neuralgcm,ERA5,7,5,0.9,0.6741032370953631,2286,0.2258967629046369,0.008018633540372671,0.06025931677018634
neuralgcm,ERA5,7,5,1.0,0.7673935617860852,1926,0.2326064382139148,0.006956521739130433,0.06025931677018634
neuralgcm,ERA5,7,10,0.0,0.03010105353687379,41859,0.03010105353687379,0.01956521739130435,0.04813354037267081
neuralgcm,ERA5,7,10,0.1,0.13685932388222466,7336,0.036859323882224654,0.004198757763975156,0.04813354037267081
neuralgcm,ERA5,7,10,0.2,0.20042593469001418,4226,0.0004259346900141736,2.795031055900462e-05,0.04813354037267081
neuralgcm,ERA5,7,10,0.3,0.25908372827804105,3165,0.04091627172195894,0.002010869565217392,0.04813354037267081
neuralgcm,ERA5,7,10,0.4,0.2775700934579439,2140,0.1224299065420561,0.00406832298136646,0.04813354037267081
neuralgcm,ERA5,7,10,0.5,0.3481979230299328,1637,0.1518020769700672,0.003858695652173913,0.04813354037267081
neuralgcm,ERA5,7,10,0.6,0.39970171513795677,1341,0.2002982848620432,0.004170807453416148,0.04813354037267081
neuralgcm,ERA5,7,10,0.7,0.48169014084507045,1065,0.2183098591549295,0.003610248447204968,0.04813354037267081
neuralgcm,ERA5,7,10,0.8,0.5499398315282792,831,0.25006016847172086,0.003226708074534162,0.04813354037267081
neuralgcm,ERA5,7,10,0.9,0.6210131332082551,533,0.2789868667917449,0.0023090062111801243,0.04813354037267081
neuralgcm,ERA5,7,10,1.0,0.7378277153558053,267,0.26217228464419473,0.0010869565217391302,0.04813354037267081
neuralgcm,ERA5,7,20,0.0,0.017662170841361593,56052,0.017662170841361593,0.015372670807453416,0.021908385093167705
neuralgcm,ERA5,7,20,0.1,0.1014676113360324,3952,0.00146761133603239,9.006211180124232e-05,0.021908385093167705
neuralgcm,ERA5,7,20,0.2,0.12793876435210497,1829,0.07206123564789504,0.002046583850931678,0.021908385093167705
neuralgcm,ERA5,7,20,0.3,0.24419684308263695,1077,0.05580315691736304,0.0009332298136645961,0.021908385093167705
neuralgcm,ERA5,7,20,0.4,0.2913907284768212,604,0.10860927152317884,0.0010186335403726712,0.021908385093167705
neuralgcm,ERA5,7,20,0.5,0.40062111801242234,322,0.09937888198757766,0.0004968944099378883,0.021908385093167705
neuralgcm,ERA5,7,20,0.6,0.4151624548736462,277,0.18483754512635375,0.000795031055900621,0.021908385093167705
neuralgcm,ERA5,7,20,0.7,0.45222929936305734,157,0.24777070063694262,0.0006040372670807453,0.021908385093167705
neuralgcm,ERA5,7,20,0.8,0.5434782608695652,92,0.25652173913043486,0.00036645962732919263,0.021908385093167705
neuralgcm,ERA5,7,20,0.9,0.38095238095238093,21,0.5190476190476191,0.0001692546583850932,0.021908385093167705
neuralgcm,ERA5,7,20,1.0,0.9411764705882353,17,0.05882352941176472,1.552795031055901e-05,0.021908385093167705
