model,obs,lead_day,threshold_mm_day,season,forecast_probability,observed_frequency,count,abs_calibration_gap,weighted_abs_gap,ece
gencast,CHIRPS,1,1,MAM,0.0,0.11334019972235905,22331,0.11334019972235905,0.053732167119565216,0.14243588654891304
gencast,CHIRPS,1,1,MAM,0.1,0.31981519507186856,3896,0.21981519507186856,0.01818104619565217,0.14243588654891304
gencast,CHIRPS,1,1,MAM,0.2,0.407158836689038,2235,0.207158836689038,0.009829313858695652,0.14243588654891304
gencast,CHIRPS,1,1,MAM,0.3,0.4634570765661253,1724,0.1634570765661253,0.005982506793478261,0.14243588654891304
gencast,CHIRPS,1,1,MAM,0.4,0.5460440985732814,1542,0.14604409857328138,0.004780910326086954,0.14243588654891304
gencast,CHIRPS,1,1,MAM,0.5,0.559938128383604,1293,0.05993812838360402,0.0016452955163043478,0.14243588654891304
gencast,CHIRPS,1,1,MAM,0.6,0.5818735719725818,1313,0.01812642802741815,0.0005052649456521746,0.14243588654891304
gencast,CHIRPS,1,1,MAM,0.7,0.6225266362252664,1314,0.07747336377473357,0.0021611752717391286,0.14243588654891304
gencast,CHIRPS,1,1,MAM,0.8,0.6664532650448144,1562,0.13354673495518565,0.004428498641304348,0.14243588654891304
gencast,CHIRPS,1,1,MAM,0.9,0.715483234714004,2028,0.18451676528599603,0.007944123641304347,0.14243588654891304
gencast,CHIRPS,1,1,MAM,1.0,0.8009153318077803,7866,0.1990846681922197,0.03324558423913044,0.14243588654891304
gencast,CHIRPS,1,5,MAM,0.0,0.06625145020455517,32754,0.06625145020455517,0.04606827445652174,0.10417374320652176
gencast,CHIRPS,1,5,MAM,0.1,0.27708764665286406,2898,0.17708764665286406,0.010895040760869565,0.10417374320652176
gencast,CHIRPS,1,5,MAM,0.2,0.37346437346437344,1628,0.17346437346437343,0.00599524456521739,0.10417374320652176
gencast,CHIRPS,1,5,MAM,0.3,0.3969298245614035,1368,0.09692982456140353,0.002815047554347827,0.10417374320652176
gencast,CHIRPS,1,5,MAM,0.4,0.4473029045643154,1205,0.04730290456431535,0.0012100883152173913,0.10417374320652176
gencast,CHIRPS,1,5,MAM,0.5,0.4819915254237288,944,0.018008474576271194,0.0003609035326086958,0.10417374320652176
gencast,CHIRPS,1,5,MAM,0.6,0.5120925341745531,951,0.08790746582544684,0.0017747961956521728,0.10417374320652176
gencast,CHIRPS,1,5,MAM,0.7,0.5011933174224343,838,0.19880668257756562,0.0035368546195652167,0.10417374320652176
gencast,CHIRPS,1,5,MAM,0.8,0.5479143179255919,887,0.2520856820744082,0.00474694293478261,0.10417374320652176
gencast,CHIRPS,1,5,MAM,0.9,0.5773584905660377,1060,0.3226415094339623,0.007260529891304349,0.10417374320652176
gencast,CHIRPS,1,5,MAM,1.0,0.6425515363671723,2571,0.3574484636328277,0.01951002038043478,0.10417374320652176
gencast,CHIRPS,1,10,MAM,0.0,0.03884672148429264,37944,0.03884672148429264,0.03129245923913043,0.06804093070652173
gencast,CHIRPS,1,10,MAM,0.1,0.21425694724124045,2483,0.11425694724124044,0.006022843070652174,0.06804093070652173
gencast,CHIRPS,1,10,MAM,0.2,0.2448512585812357,1311,0.044851258581235676,0.001248301630434782,0.06804093070652173
gencast,CHIRPS,1,10,MAM,0.3,0.2675619834710744,968,0.032438016528925584,0.0006666100543478254,0.06804093070652173
gencast,CHIRPS,1,10,MAM,0.4,0.3233766233766234,770,0.07662337662337665,0.0012525475543478264,0.06804093070652173
gencast,CHIRPS,1,10,MAM,0.5,0.3456221198156682,651,0.1543778801843318,0.002133576766304348,0.06804093070652173
gencast,CHIRPS,1,10,MAM,0.6,0.3651685393258427,534,0.23483146067415728,0.0026621942934782605,0.06804093070652173
gencast,CHIRPS,1,10,MAM,0.7,0.3614457831325301,498,0.33855421686746984,0.0035793138586956517,0.06804093070652173
gencast,CHIRPS,1,10,MAM,0.8,0.3782178217821782,505,0.4217821782178218,0.004521908967391305,0.06804093070652173
gencast,CHIRPS,1,10,MAM,0.9,0.44047619047619047,504,0.45952380952380956,0.0049167798913043485,0.06804093070652173
gencast,CHIRPS,1,10,MAM,1.0,0.5096153846153846,936,0.4903846153846154,0.009744395380434784,0.06804093070652173
gencast,CHIRPS,1,20,MAM,0.0,0.014521620307107951,43177,0.014521620307107951,0.013310971467391306,0.02788935122282609
gencast,CHIRPS,1,20,MAM,0.1,0.09530386740331492,1448,0.004696132596685082,0.00014436141304347824,0.02788935122282609
gencast,CHIRPS,1,20,MAM,0.2,0.12340425531914893,705,0.07659574468085108,0.0011463994565217392,0.02788935122282609
gencast,CHIRPS,1,20,MAM,0.3,0.14979757085020243,494,0.15020242914979756,0.0015752377717391304,0.02788935122282609
gencast,CHIRPS,1,20,MAM,0.4,0.16455696202531644,316,0.23544303797468358,0.0015794836956521741,0.02788935122282609
gencast,CHIRPS,1,20,MAM,0.5,0.16580310880829016,193,0.3341968911917098,0.0013693104619565217,0.02788935122282609
gencast,CHIRPS,1,20,MAM,0.6,0.20994475138121546,181,0.3900552486187845,0.0014988111413043476,0.02788935122282609
gencast,CHIRPS,1,20,MAM,0.7,0.23776223776223776,143,0.4622377622377622,0.0014032778532608694,0.02788935122282609
gencast,CHIRPS,1,20,MAM,0.8,0.19548872180451127,133,0.6045112781954888,0.0017068614130434784,0.02788935122282609
gencast,CHIRPS,1,20,MAM,0.9,0.3274336283185841,113,0.572566371681416,0.0013735563858695652,0.02788935122282609
gencast,CHIRPS,1,20,MAM,1.0,0.3482587064676617,201,0.6517412935323383,0.0027810801630434785,0.02788935122282609
gencast,CHIRPS,3,1,MAM,0.0,0.08756927949327,18945,0.08756927949327,0.03521993885869565,0.11250636888586955
gencast,CHIRPS,3,1,MAM,0.1,0.24178047546788062,3954,0.1417804754678806,0.011901324728260868,0.11250636888586955
gencast,CHIRPS,3,1,MAM,0.2,0.3235294117647059,2482,0.12352941176470589,0.0065090013586956525,0.11250636888586955
gencast,CHIRPS,3,1,MAM,0.3,0.3829243353783231,1956,0.08292433537832311,0.0034434442934782607,0.11250636888586955
gencast,CHIRPS,3,1,MAM,0.4,0.44521337946943484,1734,0.04521337946943482,0.0016644021739130432,0.11250636888586955
gencast,CHIRPS,3,1,MAM,0.5,0.4970414201183432,1690,0.00295857988165682,0.0001061480978260875,0.11250636888586955
gencast,CHIRPS,3,1,MAM,0.6,0.5450475657526581,1787,0.054952434247341864,0.002084748641304346,0.11250636888586955
gencast,CHIRPS,3,1,MAM,0.7,0.5876847290640395,2030,0.1123152709359605,0.0048403532608695616,0.11250636888586955
gencast,CHIRPS,3,1,MAM,0.8,0.6533333333333333,2475,0.14666666666666672,0.007706351902173916,0.11250636888586955
gencast,CHIRPS,3,1,MAM,0.9,0.7238912732474965,3495,0.17610872675250355,0.013066830842391302,0.11250636888586955
gencast,CHIRPS,3,1,MAM,1.0,0.8134533251982916,6556,0.1865466748017084,0.025963824728260875,0.11250636888586955
gencast,CHIRPS,3,5,MAM,0.0,0.04796501618345844,29042,0.04796501618345844,0.029572860054347828,0.07494692595108697
gencast,CHIRPS,3,5,MAM,0.1,0.22787723785166242,3910,0.1278772378516624,0.010614809782608696,0.07494692595108697
gencast,CHIRPS,3,5,MAM,0.2,0.28595458368376786,2378,0.08595458368376785,0.004339334239130434,0.07494692595108697
gencast,CHIRPS,3,5,MAM,0.3,0.34184184184184185,1998,0.041841841841841865,0.0017747961956521747,0.07494692595108697
gencast,CHIRPS,3,5,MAM,0.4,0.3903387007218212,1801,0.009661299278178825,0.00036939538043478395,0.07494692595108697
gencast,CHIRPS,3,5,MAM,0.5,0.45233866193013617,1689,0.047661338069863834,0.0017089843750000004,0.07494692595108697
gencast,CHIRPS,3,5,MAM,0.6,0.48518762343647137,1519,0.1148123765635286,0.003702445652173912,0.07494692595108697
gencast,CHIRPS,3,5,MAM,0.7,0.5237410071942447,1390,0.1762589928057553,0.0052012567934782575,0.07494692595108697
gencast,CHIRPS,3,5,MAM,0.8,0.5871946082561078,1187,0.21280539174389224,0.005362601902173915,0.07494692595108697
gencast,CHIRPS,3,5,MAM,0.9,0.6451612903225806,1116,0.2548387096774194,0.006037703804347827,0.07494692595108697
gencast,CHIRPS,3,5,MAM,1.0,0.7253258845437617,1074,0.2746741154562383,0.00626273777173913,0.07494692595108697
gencast,CHIRPS,3,10,MAM,0.0,0.03280739161336176,35175,0.03280739161336176,0.024498980978260868,0.04951808763586957
gencast,CHIRPS,3,10,MAM,0.1,0.16185410334346503,3948,0.06185410334346503,0.005184273097826085,0.04951808763586957
gencast,CHIRPS,3,10,MAM,0.2,0.21594982078853048,2232,0.015949820788530467,0.0007557744565217391,0.04951808763586957
gencast,CHIRPS,3,10,MAM,0.3,0.26545454545454544,1650,0.034545454545454546,0.0012100883152173913,0.04951808763586957
gencast,CHIRPS,3,10,MAM,0.4,0.30332167832167833,1144,0.09667832167832169,0.0023479959239130436,0.04951808763586957
gencast,CHIRPS,3,10,MAM,0.5,0.35402298850574715,870,0.14597701149425285,0.0026961616847826085,0.04951808763586957
gencast,CHIRPS,3,10,MAM,0.6,0.38483547925608014,699,0.21516452074391984,0.003192934782608695,0.04951808763586957
gencast,CHIRPS,3,10,MAM,0.7,0.4199134199134199,462,0.28008658008658005,0.00274711277173913,0.04951808763586957
gencast,CHIRPS,3,10,MAM,0.8,0.47506561679790027,381,0.3249343832020998,0.0026282269021739133,0.04951808763586957
gencast,CHIRPS,3,10,MAM,0.9,0.5661016949152542,295,0.33389830508474583,0.0020911175271739134,0.04951808763586957
gencast,CHIRPS,3,10,MAM,1.0,0.5887096774193549,248,0.41129032258064513,0.0021654211956521736,0.04951808763586957
gencast,CHIRPS,3,20,MAM,0.0,0.0134180624128889,42331,0.0134180624128889,0.012058423913043478,0.020333729619565217
gencast,CHIRPS,3,20,MAM,0.1,0.0895638629283489,2568,0.0104361370716511,0.0005689538043478266,0.020333729619565217
gencast,CHIRPS,3,20,MAM,0.2,0.12828947368421054,912,0.07171052631578947,0.0013884171195652174,0.020333729619565217
gencast,CHIRPS,3,20,MAM,0.3,0.1821705426356589,516,0.11782945736434108,0.0012907608695652173,0.020333729619565217
gencast,CHIRPS,3,20,MAM,0.4,0.183206106870229,262,0.21679389312977101,0.001205842391304348,0.020333729619565217
gencast,CHIRPS,3,20,MAM,0.5,0.28402366863905326,169,0.21597633136094674,0.0007748811141304348,0.020333729619565217
gencast,CHIRPS,3,20,MAM,0.6,0.24806201550387597,129,0.351937984496124,0.0009638247282608695,0.020333729619565217
gencast,CHIRPS,3,20,MAM,0.7,0.275,80,0.42499999999999993,0.0007218070652173911,0.020333729619565217
gencast,CHIRPS,3,20,MAM,0.8,0.359375,64,0.44062500000000004,0.0005986752717391304,0.020333729619565217
gencast,CHIRPS,3,20,MAM,0.9,0.4634146341463415,41,0.43658536585365854,0.0003800101902173913,0.020333729619565217
gencast,CHIRPS,3,20,MAM,1.0,0.4375,32,0.5625,0.000382133152173913,0.020333729619565217
gencast,CHIRPS,5,1,MAM,0.0,0.08556753400688605,17717,0.08556753400688605,0.03218410326086957,0.10739003057065218
gencast,CHIRPS,5,1,MAM,0.1,0.22421414538310414,4072,0.12421414538310413,0.010737941576086957,0.10739003057065218
gencast,CHIRPS,5,1,MAM,0.2,0.2968211413251628,2611,0.09682114132516279,0.005366847826086957,0.10739003057065218
gencast,CHIRPS,5,1,MAM,0.3,0.3524550315994166,2057,0.05245503159941661,0.002290675951086956,0.10739003057065218
gencast,CHIRPS,5,1,MAM,0.4,0.41809045226130653,1990,0.01809045226130651,0.0007642663043478251,0.10739003057065218
gencast,CHIRPS,5,1,MAM,0.5,0.4867021276595745,1880,0.01329787234042551,0.0005307404891304339,0.10739003057065218
gencast,CHIRPS,5,1,MAM,0.6,0.5281065088757396,2028,0.07189349112426036,0.0030952785326086958,0.10739003057065218
gencast,CHIRPS,5,1,MAM,0.7,0.5868881903906601,2227,0.11311180960933986,0.005347741168478258,0.10739003057065218
gencast,CHIRPS,5,1,MAM,0.8,0.664371148967017,2759,0.13562885103298306,0.007944123641304352,0.10739003057065218
gencast,CHIRPS,5,1,MAM,0.9,0.7301128905224469,3809,0.16988710947755314,0.013737686820652172,0.10739003057065218
gencast,CHIRPS,5,1,MAM,1.0,0.7991266375545851,5954,0.20087336244541487,0.025390625000000003,0.10739003057065218
gencast,CHIRPS,5,5,MAM,0.0,0.04536503537305813,27422,0.04536503537305813,0.02640964673913044,0.06975840692934784
gencast,CHIRPS,5,5,MAM,0.1,0.18933912204534492,4146,0.08933912204534492,0.007863451086956522,0.06975840692934784
gencast,CHIRPS,5,5,MAM,0.2,0.25197132616487455,2790,0.05197132616487454,0.003078294836956521,0.06975840692934784
gencast,CHIRPS,5,5,MAM,0.3,0.3396305625524769,2382,0.03963056255247693,0.0020040760869565227,0.06975840692934784
gencast,CHIRPS,5,5,MAM,0.4,0.37987481945113144,2077,0.020125180548868582,0.0008873980978260879,0.06975840692934784
gencast,CHIRPS,5,5,MAM,0.5,0.42269129287598944,1895,0.07730870712401056,0.003110139266304348,0.06975840692934784
gencast,CHIRPS,5,5,MAM,0.6,0.5020289855072464,1725,0.09797101449275358,0.0035878057065217377,0.06975840692934784
gencast,CHIRPS,5,5,MAM,0.7,0.5295755045233125,1437,0.17042449547668748,0.005199133831521737,0.06975840692934784
gencast,CHIRPS,5,5,MAM,0.8,0.5878524945770065,1383,0.21214750542299354,0.006228770380434784,0.06975840692934784
gencast,CHIRPS,5,5,MAM,0.9,0.6300469483568075,1065,0.2699530516431925,0.006103515625,0.06975840692934784
gencast,CHIRPS,5,5,MAM,1.0,0.6815856777493606,782,0.31841432225063937,0.00528617527173913,0.06975840692934784
gencast,CHIRPS,5,10,MAM,0.0,0.030294003753239405,33571,0.030294003753239405,0.021590523097826088,0.04654169497282609
gencast,CHIRPS,5,10,MAM,0.1,0.1432671081677704,4530,0.04326710816777041,0.004161005434782607,0.04654169497282609
gencast,CHIRPS,5,10,MAM,0.2,0.20530777736822706,2713,0.005307777368227046,0.0003057065217391299,0.04654169497282609
gencast,CHIRPS,5,10,MAM,0.3,0.25400931195033627,1933,0.04599068804966372,0.0018873131793478255,0.04654169497282609
gencast,CHIRPS,5,10,MAM,0.4,0.30797636632200887,1354,0.09202363367799116,0.0026452105978260875,0.04654169497282609
gencast,CHIRPS,5,10,MAM,0.5,0.3333333333333333,1029,0.16666666666666669,0.003640879755434783,0.04654169497282609
gencast,CHIRPS,5,10,MAM,0.6,0.416,750,0.184,0.0029296875,0.04654169497282609
gencast,CHIRPS,5,10,MAM,0.7,0.38125,480,0.31875,0.0032481317934782605,0.04654169497282609
gencast,CHIRPS,5,10,MAM,0.8,0.41494845360824745,388,0.3850515463917526,0.0031717051630434784,0.04654169497282609
gencast,CHIRPS,5,10,MAM,0.9,0.5069767441860465,215,0.3930232558139535,0.0017939028532608695,0.04654169497282609
gencast,CHIRPS,5,10,MAM,1.0,0.6099290780141844,141,0.3900709219858156,0.0011676290760869565,0.04654169497282609
gencast,CHIRPS,5,20,MAM,0.0,0.014206389269488714,41601,0.014206389269488714,0.012546705163043478,0.022106402853260872
gencast,CHIRPS,5,20,MAM,0.1,0.07967119822952892,3163,0.020328801770471083,0.001365064538043479,0.022106402853260872
gencast,CHIRPS,5,20,MAM,0.2,0.1189236111111111,1152,0.0810763888888889,0.001982846467391305,0.022106402853260872
gencast,CHIRPS,5,20,MAM,0.3,0.1394422310756972,502,0.1605577689243028,0.0017111073369565216,0.022106402853260872
gencast,CHIRPS,5,20,MAM,0.4,0.18726591760299627,267,0.21273408239700375,0.0012058423913043478,0.022106402853260872
gencast,CHIRPS,5,20,MAM,0.5,0.1917808219178082,146,0.3082191780821918,0.0009553328804347826,0.022106402853260872
gencast,CHIRPS,5,20,MAM,0.6,0.21428571428571427,98,0.3857142857142857,0.0008024796195652173,0.022106402853260872
gencast,CHIRPS,5,20,MAM,0.7,0.345679012345679,81,0.35432098765432096,0.0006092900815217391,0.022106402853260872
gencast,CHIRPS,5,20,MAM,0.8,0.3333333333333333,42,0.46666666666666673,0.0004161005434782609,0.022106402853260872
gencast,CHIRPS,5,20,MAM,0.9,0.4358974358974359,39,0.4641025641025641,0.0003842561141304348,0.022106402853260872
gencast,CHIRPS,5,20,MAM,1.0,0.5384615384615384,13,0.46153846153846156,0.00012737771739130434,0.022106402853260872
gencast,CHIRPS,7,1,MAM,0.0,0.08061260833432268,16846,0.08061260833432268,0.028829823369565216,0.10488281250000002
gencast,CHIRPS,7,1,MAM,0.1,0.21008403361344538,4165,0.11008403361344538,0.009733780570652174,0.10488281250000002
gencast,CHIRPS,7,1,MAM,0.2,0.292621776504298,2792,0.09262177650429798,0.005489979619565217,0.10488281250000002
gencast,CHIRPS,7,1,MAM,0.3,0.37207247017233763,2263,0.07207247017233764,0.0034625509510869588,0.10488281250000002
gencast,CHIRPS,7,1,MAM,0.4,0.42258823529411765,2125,0.02258823529411763,0.001019021739130434,0.10488281250000002
gencast,CHIRPS,7,1,MAM,0.5,0.47321844434094085,2147,0.026781555659059153,0.001220703125,0.10488281250000002
gencast,CHIRPS,7,1,MAM,0.6,0.5276476101218369,2134,0.07235238987816306,0.0032778532608695645,0.10488281250000002
gencast,CHIRPS,7,1,MAM,0.7,0.6092985318107668,2452,0.09070146818923319,0.004721467391304343,0.10488281250000002
gencast,CHIRPS,7,1,MAM,0.8,0.6577340569877883,2948,0.14226594301221174,0.008903702445652178,0.10488281250000002
gencast,CHIRPS,7,1,MAM,0.9,0.7252361673414305,3705,0.17476383265856954,0.013746178668478264,0.10488281250000002
gencast,CHIRPS,7,1,MAM,1.0,0.7913877329473493,5527,0.20861226705265068,0.02447775135869566,0.10488281250000002
gencast,CHIRPS,7,5,MAM,0.0,0.04142123546292101,26484,0.04142123546292101,0.02328889266304348,0.06592858355978261
gencast,CHIRPS,7,5,MAM,0.1,0.1800271739130435,4416,0.08002717391304348,0.007502547554347826,0.06592858355978261
gencast,CHIRPS,7,5,MAM,0.2,0.2682611506140918,3094,0.06826115061409177,0.0044836956521739114,0.06592858355978261
gencast,CHIRPS,7,5,MAM,0.3,0.32312651087832395,2482,0.023126510878323958,0.0012185801630434797,0.06592858355978261
gencast,CHIRPS,7,5,MAM,0.4,0.3776751993285774,2383,0.022324800671422618,0.0011294157608695672,0.06592858355978261
gencast,CHIRPS,7,5,MAM,0.5,0.45092177379172893,2007,0.04907822620827107,0.002091117527173914,0.06592858355978261
gencast,CHIRPS,7,5,MAM,0.6,0.4897408207343413,1852,0.1102591792656587,0.0043350883152173895,0.06592858355978261
gencast,CHIRPS,7,5,MAM,0.7,0.543903979785218,1583,0.15609602021478197,0.005245838994565214,0.06592858355978261
gencast,CHIRPS,7,5,MAM,0.8,0.5804878048780487,1230,0.2195121951219513,0.005731997282608698,0.06592858355978261
gencast,CHIRPS,7,5,MAM,0.9,0.5989528795811518,955,0.3010471204188482,0.006103515625,0.06592858355978261
gencast,CHIRPS,7,5,MAM,1.0,0.6343042071197411,618,0.3656957928802589,0.00479789402173913,0.06592858355978261
gencast,CHIRPS,7,10,MAM,0.0,0.030724391280587772,32938,0.030724391280587772,0.021484375000000003,0.046301800271739135
gencast,CHIRPS,7,10,MAM,0.1,0.13851063829787233,4700,0.038510638297872324,0.0038425611413043462,0.046301800271739135
gencast,CHIRPS,7,10,MAM,0.2,0.20368509212730318,2985,0.003685092127303169,0.00023352581521739047,0.046301800271739135
gencast,CHIRPS,7,10,MAM,0.3,0.25526932084309134,2135,0.04473067915690865,0.00202742866847826,0.046301800271739135
gencast,CHIRPS,7,10,MAM,0.4,0.296875,1536,0.10312500000000002,0.0033627717391304353,0.046301800271739135
gencast,CHIRPS,7,10,MAM,0.5,0.3188539741219963,1082,0.1811460258780037,0.004161005434782609,0.046301800271739135
gencast,CHIRPS,7,10,MAM,0.6,0.36657303370786515,712,0.23342696629213483,0.0035283627717391302,0.046301800271739135
gencast,CHIRPS,7,10,MAM,0.7,0.4232456140350877,456,0.27675438596491225,0.0026791779891304343,0.046301800271739135
gencast,CHIRPS,7,10,MAM,0.8,0.41697416974169743,271,0.3830258302583026,0.0022036345108695653,0.046301800271739135
gencast,CHIRPS,7,10,MAM,0.9,0.45614035087719296,171,0.44385964912280707,0.0016113281250000001,0.046301800271739135
gencast,CHIRPS,7,10,MAM,1.0,0.5338983050847458,118,0.4661016949152542,0.0011676290760869565,0.046301800271739135
gencast,CHIRPS,7,20,MAM,0.0,0.01416699066874028,41152,0.01416699066874028,0.012376868206521738,0.02243333899456522
gencast,CHIRPS,7,20,MAM,0.1,0.08358032009484291,3374,0.016419679905157095,0.0011761209239130443,0.02243333899456522
gencast,CHIRPS,7,20,MAM,0.2,0.09561466570812366,1391,0.10438533429187635,0.0030825407608695656,0.02243333899456522
gencast,CHIRPS,7,20,MAM,0.3,0.14638447971781304,567,0.15361552028218695,0.0018490998641304346,0.02243333899456522
gencast,CHIRPS,7,20,MAM,0.4,0.1605351170568562,299,0.23946488294314383,0.0015200407608695653,0.02243333899456522
gencast,CHIRPS,7,20,MAM,0.5,0.18796992481203006,133,0.31203007518796994,0.0008810292119565217,0.02243333899456522
gencast,CHIRPS,7,20,MAM,0.6,0.2894736842105263,76,0.31052631578947365,0.0005010190217391304,0.02243333899456522
gencast,CHIRPS,7,20,MAM,0.7,0.32075471698113206,53,0.3792452830188679,0.00042671535326086954,0.02243333899456522
gencast,CHIRPS,7,20,MAM,0.8,0.25925925925925924,27,0.5407407407407407,0.00030995244565217397,0.02243333899456522
gencast,CHIRPS,7,20,MAM,0.9,0.5,24,0.4,0.00020380434782608697,0.02243333899456522
gencast,CHIRPS,7,20,MAM,1.0,0.375,8,0.625,0.00010614809782608695,0.02243333899456522
gencast,ERA5,1,1,MAM,0.0,0.040257937396444406,22331,0.040257937396444406,0.019085427989130436,0.06844217051630434
gencast,ERA5,1,1,MAM,0.1,0.21740246406570843,3896,0.11740246406570842,0.009710427989130436,0.06844217051630434
gencast,ERA5,1,1,MAM,0.2,0.3789709172259508,2235,0.17897091722595077,0.008491847826086956,0.06844217051630434
gencast,ERA5,1,1,MAM,0.3,0.4762180974477958,1724,0.17621809744779582,0.006449558423913044,0.06844217051630434
gencast,ERA5,1,1,MAM,0.4,0.5979247730220493,1542,0.19792477302204925,0.006479279891304346,0.06844217051630434
gencast,ERA5,1,1,MAM,0.5,0.6844547563805105,1293,0.18445475638051045,0.005063264266304348,0.06844217051630434
gencast,ERA5,1,1,MAM,0.6,0.7326732673267327,1313,0.13267326732673268,0.0036981997282608697,0.06844217051630434
gencast,ERA5,1,1,MAM,0.7,0.7937595129375952,1314,0.09375951293759521,0.002615489130434785,0.06844217051630434
gencast,ERA5,1,1,MAM,0.8,0.8265044814340589,1562,0.026504481434058813,0.0008789062499999972,0.06844217051630434
gencast,ERA5,1,1,MAM,0.9,0.8939842209072978,2028,0.006015779092702234,0.00025900135869565496,0.06844217051630434
gencast,ERA5,1,1,MAM,1.0,0.9658021866259853,7866,0.03419781337401473,0.005710767663043475,0.06844217051630434
gencast,ERA5,1,5,MAM,0.0,0.027843927459241618,32754,0.027843927459241618,0.01936141304347826,0.049206012228260855
gencast,ERA5,1,5,MAM,0.1,0.20772946859903382,2898,0.10772946859903382,0.006627887228260869,0.049206012228260855
gencast,ERA5,1,5,MAM,0.2,0.3501228501228501,1628,0.1501228501228501,0.0051885190217391295,0.049206012228260855
gencast,ERA5,1,5,MAM,0.3,0.4247076023391813,1368,0.12470760233918132,0.003621773097826088,0.049206012228260855
gencast,ERA5,1,5,MAM,0.4,0.5004149377593361,1205,0.10041493775933608,0.0025687839673913036,0.049206012228260855
gencast,ERA5,1,5,MAM,0.5,0.5466101694915254,944,0.04661016949152541,0.0009341032608695649,0.049206012228260855
gencast,ERA5,1,5,MAM,0.6,0.6109358569926393,951,0.010935856992639326,0.00022078804347826084,0.049206012228260855
gencast,ERA5,1,5,MAM,0.7,0.6778042959427207,838,0.02219570405727922,0.00039487092391304315,0.049206012228260855
gencast,ERA5,1,5,MAM,0.8,0.6877113866967306,887,0.11228861330326945,0.0021144701086956525,0.049206012228260855
gencast,ERA5,1,5,MAM,0.9,0.789622641509434,1060,0.11037735849056607,0.0024838654891304354,0.049206012228260855
gencast,ERA5,1,5,MAM,1.0,0.8957604045118631,2571,0.10423959548813688,0.005689538043478259,0.049206012228260855
gencast,ERA5,1,10,MAM,0.0,0.017973856209150325,37944,0.017973856209150325,0.014478600543478258,0.03112262228260869
gencast,ERA5,1,10,MAM,0.1,0.1796214256947241,2483,0.07962142569472411,0.004197095788043477,0.03112262228260869
gencast,ERA5,1,10,MAM,0.2,0.2425629290617849,1311,0.04256292906178488,0.00118461277173913,0.03112262228260869
gencast,ERA5,1,10,MAM,0.3,0.28202479338842973,968,0.01797520661157026,0.00036939538043478286,0.03112262228260869
gencast,ERA5,1,10,MAM,0.4,0.36753246753246754,770,0.03246753246753248,0.000530740489130435,0.03112262228260869
gencast,ERA5,1,10,MAM,0.5,0.4470046082949309,651,0.05299539170506912,0.0007324218749999999,0.03112262228260869
gencast,ERA5,1,10,MAM,0.6,0.552434456928839,534,0.04756554307116101,0.0005392323369565212,0.03112262228260869
gencast,ERA5,1,10,MAM,0.7,0.5502008032128514,498,0.1497991967871486,0.0015837296195652174,0.03112262228260869
gencast,ERA5,1,10,MAM,0.8,0.6217821782178218,505,0.17821782178217827,0.0019106657608695657,0.03112262228260869
gencast,ERA5,1,10,MAM,0.9,0.7083333333333334,504,0.19166666666666665,0.00205078125,0.03112262228260869
gencast,ERA5,1,10,MAM,1.0,0.8215811965811965,936,0.17841880341880345,0.0035453464673913053,0.03112262228260869
gencast,ERA5,1,20,MAM,0.0,0.0069481436876114595,43177,0.0069481436876114595,0.006368885869565217,0.014132557744565219
gencast,ERA5,1,20,MAM,0.1,0.09461325966850828,1448,0.005386740331491724,0.000165591032608696,0.014132557744565219
gencast,ERA5,1,20,MAM,0.2,0.1574468085106383,705,0.04255319148936171,0.0006368885869565217,0.014132557744565219
gencast,ERA5,1,20,MAM,0.3,0.1862348178137652,494,0.1137651821862348,0.0011931046195652172,0.014132557744565219
gencast,ERA5,1,20,MAM,0.4,0.2563291139240506,316,0.1436708860759494,0.0009638247282608699,0.014132557744565219
gencast,ERA5,1,20,MAM,0.5,0.3005181347150259,193,0.19948186528497408,0.0008173403532608696,0.014132557744565219
gencast,ERA5,1,20,MAM,0.6,0.36464088397790057,181,0.2353591160220994,0.0009043817934782607,0.014132557744565219
gencast,ERA5,1,20,MAM,0.7,0.5034965034965035,143,0.1965034965034964,0.0005965523097826084,0.014132557744565219
gencast,ERA5,1,20,MAM,0.8,0.48872180451127817,133,0.3112781954887219,0.0008789062500000002,0.014132557744565219
gencast,ERA5,1,20,MAM,0.9,0.6106194690265486,113,0.2893805309734514,0.0006942085597826088,0.014132557744565219
gencast,ERA5,1,20,MAM,1.0,0.7860696517412935,201,0.2139303482587065,0.000912873641304348,0.014132557744565219
gencast,ERA5,3,1,MAM,0.0,0.028450778569543415,18945,0.028450778569543415,0.011442764945652174,0.039319378396739144
gencast,ERA5,3,1,MAM,0.1,0.16666666666666666,3954,0.06666666666666665,0.005596127717391304,0.039319378396739144
gencast,ERA5,3,1,MAM,0.2,0.27880741337630943,2482,0.07880741337630942,0.004152513586956522,0.039319378396739144
gencast,ERA5,3,1,MAM,0.3,0.3619631901840491,1956,0.06196319018404911,0.002573029891304349,0.039319378396739144
gencast,ERA5,3,1,MAM,0.4,0.4555940023068051,1734,0.05559400230680506,0.002046535326086956,0.039319378396739144
gencast,ERA5,3,1,MAM,0.5,0.5414201183431953,1690,0.041420118343195256,0.001486073369565217,0.039319378396739144
gencast,ERA5,3,1,MAM,0.6,0.604364857302742,1787,0.004364857302742053,0.0001655910326086967,0.039319378396739144
gencast,ERA5,3,1,MAM,0.7,0.6758620689655173,2030,0.024137931034482696,0.0010402513586956494,0.039319378396739144
gencast,ERA5,3,1,MAM,0.8,0.7705050505050505,2475,0.029494949494949574,0.0015497622282608736,0.039319378396739144
gencast,ERA5,3,1,MAM,0.9,0.8572246065808298,3495,0.04277539341917025,0.0031738281250000004,0.039319378396739144
gencast,ERA5,3,1,MAM,1.0,0.9562233068944478,6556,0.04377669310555221,0.006092900815217398,0.039319378396739144
gencast,ERA5,3,5,MAM,0.0,0.021210660422835894,29042,0.021210660422835894,0.013077445652173914,0.03068741508152174
gencast,ERA5,3,5,MAM,0.1,0.16342710997442456,3910,0.06342710997442455,0.005264945652173913,0.03068741508152174
gencast,ERA5,3,5,MAM,0.2,0.25273338940285955,2378,0.05273338940285954,0.002662194293478261,0.03068741508152174
gencast,ERA5,3,5,MAM,0.3,0.34434434434434436,1998,0.044344344344344366,0.0018809442934782617,0.03068741508152174
gencast,ERA5,3,5,MAM,0.4,0.40810660744031096,1801,0.008106607440310942,0.0003099524456521741,0.03068741508152174
gencast,ERA5,3,5,MAM,0.5,0.4955595026642984,1689,0.004440497335701621,0.00015922214673913125,0.03068741508152174
gencast,ERA5,3,5,MAM,0.6,0.5668202764976958,1519,0.03317972350230414,0.0010699728260869562,0.03068741508152174
gencast,ERA5,3,5,MAM,0.7,0.6381294964028777,1390,0.061870503597122206,0.0018257472826086927,0.03068741508152174
gencast,ERA5,3,5,MAM,0.8,0.7548441449031171,1187,0.04515585509688291,0.0011379076086956525,0.03068741508152174
gencast,ERA5,3,5,MAM,0.9,0.8360215053763441,1116,0.0639784946236559,0.0015157948369565214,0.03068741508152174
gencast,ERA5,3,5,MAM,1.0,0.9217877094972067,1074,0.07821229050279332,0.0017832880434782616,0.03068741508152174
gencast,ERA5,3,10,MAM,0.0,0.017825159914712153,35175,0.017825159914712153,0.013310971467391304,0.023639181385869564
gencast,ERA5,3,10,MAM,0.1,0.13297872340425532,3948,0.03297872340425531,0.0027640964673913034,0.023639181385869564
gencast,ERA5,3,10,MAM,0.2,0.224910394265233,2232,0.024910394265232977,0.001180366847826087,0.023639181385869564
gencast,ERA5,3,10,MAM,0.3,0.28606060606060607,1650,0.013939393939393918,0.00048828124999999924,0.023639181385869564
gencast,ERA5,3,10,MAM,0.4,0.3522727272727273,1144,0.04772727272727273,0.0011591372282608696,0.023639181385869564
gencast,ERA5,3,10,MAM,0.5,0.43908045977011495,870,0.06091954022988505,0.0011251698369565217,0.023639181385869564
gencast,ERA5,3,10,MAM,0.6,0.5164520743919886,699,0.08354792560801139,0.0012398097826086948,0.023639181385869564
gencast,ERA5,3,10,MAM,0.7,0.5865800865800865,462,0.11341991341991342,0.0011124320652173912,0.023639181385869564
gencast,ERA5,3,10,MAM,0.8,0.7637795275590551,381,0.03622047244094495,0.00029296875000000053,0.023639181385869564
gencast,ERA5,3,10,MAM,0.9,0.8338983050847457,295,0.0661016949152543,0.0004139775815217395,0.023639181385869564
gencast,ERA5,3,10,MAM,1.0,0.8951612903225806,248,0.10483870967741937,0.0005519701086956522,0.023639181385869564
gencast,ERA5,3,20,MAM,0.0,0.00878788594646949,42331,0.00878788594646949,0.00789741847826087,0.012139096467391305
gencast,ERA5,3,20,MAM,0.1,0.08138629283489096,2568,0.018613707165109045,0.001014775815217392,0.012139096467391305
gencast,ERA5,3,20,MAM,0.2,0.15021929824561403,912,0.04978070175438598,0.0009638247282608699,0.012139096467391305
gencast,ERA5,3,20,MAM,0.3,0.25387596899224807,516,0.04612403100775192,0.0005052649456521737,0.012139096467391305
gencast,ERA5,3,20,MAM,0.4,0.29770992366412213,262,0.10229007633587789,0.0005689538043478263,0.012139096467391305
gencast,ERA5,3,20,MAM,0.5,0.4260355029585799,169,0.07396449704142011,0.0002653702445652173,0.012139096467391305
gencast,ERA5,3,20,MAM,0.6,0.4728682170542636,129,0.1271317829457364,0.00034816576086956516,0.012139096467391305
gencast,ERA5,3,20,MAM,0.7,0.6125,80,0.08749999999999991,0.00014860733695652159,0.012139096467391305
gencast,ERA5,3,20,MAM,0.8,0.703125,64,0.09687500000000004,0.00013162364130434788,0.012139096467391305
gencast,ERA5,3,20,MAM,0.9,0.7560975609756098,41,0.14390243902439026,0.00012525475543478262,0.012139096467391305
gencast,ERA5,3,20,MAM,1.0,0.75,32,0.25,0.00016983695652173913,0.012139096467391305
gencast,ERA5,5,1,MAM,0.0,0.03149517412654513,17717,0.03149517412654513,0.011846127717391306,0.03697138247282609
gencast,ERA5,5,1,MAM,0.1,0.15176817288801572,4072,0.05176817288801572,0.004475203804347826,0.03697138247282609
gencast,ERA5,5,1,MAM,0.2,0.2370739180390655,2611,0.037073918039065484,0.002055027173913043,0.03697138247282609
gencast,ERA5,5,1,MAM,0.3,0.3403014098201264,2057,0.04030140982012642,0.0017599354619565227,0.03697138247282609
gencast,ERA5,5,1,MAM,0.4,0.41809045226130653,1990,0.01809045226130651,0.0007642663043478251,0.03697138247282609
gencast,ERA5,5,1,MAM,0.5,0.5138297872340426,1880,0.013829787234042601,0.0005519701086956541,0.03697138247282609
gencast,ERA5,5,1,MAM,0.6,0.5744575936883629,2028,0.025542406311637067,0.0010996942934782604,0.03697138247282609
gencast,ERA5,5,1,MAM,0.7,0.6843286933093848,2227,0.015671306690615117,0.0007409137228260841,0.03697138247282609
gencast,ERA5,5,1,MAM,0.8,0.7611453425154041,2759,0.038854657484595934,0.002275815217391308,0.03697138247282609
gencast,ERA5,5,1,MAM,0.9,0.8598057232869519,3809,0.040194276713048094,0.0032502547554347865,0.03697138247282609
gencast,ERA5,5,1,MAM,1.0,0.9355055424924421,5954,0.06449445750755789,0.008152173913043471,0.03697138247282609
gencast,ERA5,5,5,MAM,0.0,0.019181678943913646,27422,0.019181678943913646,0.011166779891304348,0.026492442255434782
gencast,ERA5,5,5,MAM,0.1,0.14423540762180415,4146,0.04423540762180414,0.003893512228260869,0.026492442255434782
gencast,ERA5,5,5,MAM,0.2,0.21899641577060933,2790,0.018996415770609315,0.0011251698369565215,0.026492442255434782
gencast,ERA5,5,5,MAM,0.3,0.3110831234256927,2382,0.011083123425692731,0.000560461956521741,0.026492442255434782
gencast,ERA5,5,5,MAM,0.4,0.37409725565719787,2077,0.025902744342802153,0.001142153532608697,0.026492442255434782
gencast,ERA5,5,5,MAM,0.5,0.47757255936675463,1895,0.022427440633245366,0.0009022588315217385,0.026492442255434782
gencast,ERA5,5,5,MAM,0.6,0.5814492753623188,1725,0.01855072463768115,0.0006793478260869561,0.026492442255434782
gencast,ERA5,5,5,MAM,0.7,0.6638830897703549,1437,0.03611691022964503,0.0011018172554347807,0.026492442255434782
gencast,ERA5,5,5,MAM,0.8,0.7346348517715112,1383,0.06536514822848882,0.001919157608695653,0.026492442255434782
gencast,ERA5,5,5,MAM,0.9,0.7943661971830986,1065,0.10563380281690138,0.0023883322010869556,0.026492442255434782
gencast,ERA5,5,5,MAM,1.0,0.9028132992327366,782,0.09718670076726343,0.001613451086956522,0.026492442255434782
gencast,ERA5,5,10,MAM,0.0,0.015727860355664116,33571,0.015727860355664116,0.011209239130434784,0.021342136548913045
gencast,ERA5,5,10,MAM,0.1,0.11721854304635762,4530,0.017218543046357615,0.0016559103260869565,0.021342136548913045
gencast,ERA5,5,10,MAM,0.2,0.2060449686693697,2713,0.0060449686693696825,0.00034816576086956413,0.021342136548913045
gencast,ERA5,5,10,MAM,0.3,0.2571132953957579,1933,0.0428867046042421,0.0017599354619565212,0.021342136548913045
gencast,ERA5,5,10,MAM,0.4,0.344903988183161,1354,0.05509601181683904,0.0015837296195652187,0.021342136548913045
gencast,ERA5,5,10,MAM,0.5,0.43731778425655976,1029,0.06268221574344024,0.001369310461956522,0.021342136548913045
gencast,ERA5,5,10,MAM,0.6,0.5626666666666666,750,0.03733333333333333,0.0005944293478260869,0.021342136548913045
gencast,ERA5,5,10,MAM,0.7,0.60625,480,0.09375,0.0009553328804347826,0.021342136548913045
gencast,ERA5,5,10,MAM,0.8,0.6752577319587629,388,0.12474226804123711,0.0010275135869565217,0.021342136548913045
gencast,ERA5,5,10,MAM,0.9,0.8232558139534883,215,0.07674418604651168,0.00035028872282608716,0.021342136548913045
gencast,ERA5,5,10,MAM,1.0,0.8368794326241135,141,0.16312056737588654,0.00048828125,0.021342136548913045
gencast,ERA5,5,20,MAM,0.0,0.008413259296651522,41601,0.008413259296651522,0.007430366847826086,0.012001103940217393
gencast,ERA5,5,20,MAM,0.1,0.08725893139424597,3163,0.012741068605754038,0.0008555536684782614,0.012001103940217393
gencast,ERA5,5,20,MAM,0.2,0.1579861111111111,1152,0.042013888888888906,0.0010275135869565223,0.012001103940217393
gencast,ERA5,5,20,MAM,0.3,0.2290836653386454,502,0.07091633466135458,0.0007557744565217391,0.012001103940217393
gencast,ERA5,5,20,MAM,0.4,0.29213483146067415,267,0.10786516853932587,0.000611413043478261,0.012001103940217393
gencast,ERA5,5,20,MAM,0.5,0.3561643835616438,146,0.14383561643835618,0.00044582201086956525,0.012001103940217393
gencast,ERA5,5,20,MAM,0.6,0.4387755102040816,98,0.16122448979591836,0.0003354279891304348,0.012001103940217393
gencast,ERA5,5,20,MAM,0.7,0.654320987654321,81,0.04567901234567895,7.854959239130425e-05,0.012001103940217393
gencast,ERA5,5,20,MAM,0.8,0.5,42,0.30000000000000004,0.00026749320652173916,0.012001103940217393
gencast,ERA5,5,20,MAM,0.9,0.6923076923076923,39,0.20769230769230773,0.0001719599184782609,0.012001103940217393
gencast,ERA5,5,20,MAM,1.0,0.9230769230769231,13,0.07692307692307687,2.1229619565217377e-05,0.012001103940217393
gencast,ERA5,7,1,MAM,0.0,0.027840436898967112,16846,0.027840436898967112,0.009956691576086956,0.037457540760869566
gencast,ERA5,7,1,MAM,0.1,0.14477791116446578,4165,0.04477791116446578,0.003959324048913042,0.037457540760869566
gencast,ERA5,7,1,MAM,0.2,0.23925501432664756,2792,0.03925501432664755,0.0023267663043478252,0.037457540760869566
gencast,ERA5,7,1,MAM,0.3,0.3367211665930181,2263,0.036721166593018106,0.001764181385869565,0.037457540760869566
gencast,ERA5,7,1,MAM,0.4,0.4249411764705882,2125,0.02494117647058819,0.0011251698369565198,0.037457540760869566
gencast,ERA5,7,1,MAM,0.5,0.5221238938053098,2147,0.02212389380530977,0.0010084069293478275,0.037457540760869566
gencast,ERA5,7,1,MAM,0.6,0.5955951265229615,2134,0.00440487347703844,0.00019955842391304414,0.037457540760869566
gencast,ERA5,7,1,MAM,0.7,0.6937194127243067,2452,0.00628058727569325,0.0003269361413043446,0.037457540760869566
gencast,ERA5,7,1,MAM,0.8,0.7493215739484396,2948,0.05067842605156048,0.003171705163043484,0.037457540760869566
gencast,ERA5,7,1,MAM,0.9,0.8404858299595142,3705,0.05951417004048587,0.004681131114130438,0.037457540760869566
gencast,ERA5,7,1,MAM,1.0,0.9238284783788674,5527,0.07617152162113261,0.00893766983695652,0.037457540760869566
gencast,ERA5,7,5,MAM,0.0,0.02088053164174596,26484,0.02088053164174596,0.011739979619565218,0.030942170516304345
gencast,ERA5,7,5,MAM,0.1,0.12839673913043478,4416,0.028396739130434778,0.0026621942934782605,0.030942170516304345
gencast,ERA5,7,5,MAM,0.2,0.24434389140271492,3094,0.04434389140271491,0.002912703804347825,0.030942170516304345
gencast,ERA5,7,5,MAM,0.3,0.3134568896051571,2482,0.013456889605157119,0.0007090692934782602,0.030942170516304345
gencast,ERA5,7,5,MAM,0.4,0.394880402853546,2383,0.005119597146454047,0.00025900135869565203,0.030942170516304345
gencast,ERA5,7,5,MAM,0.5,0.4499252615844544,2007,0.050074738415545605,0.0021335767663043484,0.030942170516304345
gencast,ERA5,7,5,MAM,0.6,0.550755939524838,1852,0.049244060475161944,0.0019361413043478245,0.030942170516304345
gencast,ERA5,7,5,MAM,0.7,0.6475047378395452,1583,0.05249526216045475,0.0017641813858695623,0.030942170516304345
gencast,ERA5,7,5,MAM,0.8,0.6934959349593496,1230,0.10650406504065046,0.0027810801630434798,0.030942170516304345
gencast,ERA5,7,5,MAM,0.9,0.793717277486911,955,0.10628272251308901,0.0021548063858695655,0.030942170516304345
gencast,ERA5,7,5,MAM,1.0,0.8559870550161812,618,0.14401294498381878,0.001889436141304348,0.030942170516304345
gencast,ERA5,7,10,MAM,0.0,0.018185682190782683,32938,0.018185682190782683,0.012716542119565218,0.02381963315217391
gencast,ERA5,7,10,MAM,0.1,0.11212765957446809,4700,0.012127659574468083,0.0012100883152173913,0.02381963315217391
gencast,ERA5,7,10,MAM,0.2,0.20234505862646565,2985,0.0023450586264656403,0.0001486073369565204,0.02381963315217391
gencast,ERA5,7,10,MAM,0.3,0.26229508196721313,2135,0.03770491803278686,0.0017089843749999987,0.02381963315217391
gencast,ERA5,7,10,MAM,0.4,0.3450520833333333,1536,0.05494791666666671,0.0017917798913043492,0.02381963315217391
gencast,ERA5,7,10,MAM,0.5,0.42513863216266173,1082,0.07486136783733827,0.0017195991847826087,0.02381963315217391
gencast,ERA5,7,10,MAM,0.6,0.5084269662921348,712,0.09157303370786518,0.0013841711956521742,0.02381963315217391
gencast,ERA5,7,10,MAM,0.7,0.5745614035087719,456,0.12543859649122802,0.0012143342391304343,0.02381963315217391
gencast,ERA5,7,10,MAM,0.8,0.6715867158671587,271,0.12841328413284137,0.0007387907608695654,0.02381963315217391
gencast,ERA5,7,10,MAM,0.9,0.7251461988304093,171,0.1748538011695907,0.0006347656250000002,0.02381963315217391
gencast,ERA5,7,10,MAM,1.0,0.7796610169491526,118,0.22033898305084743,0.000551970108695652,0.02381963315217391
gencast,ERA5,7,20,MAM,0.0,0.009671461897356144,41152,0.009671461897356144,0.008449388586956522,0.014705757472826089
gencast,ERA5,7,20,MAM,0.1,0.08209839952578542,3374,0.017901600474214588,0.0012822690217391308,0.014705757472826089
gencast,ERA5,7,20,MAM,0.2,0.13731128684399713,1391,0.06268871315600288,0.001851222826086957,0.014705757472826089
gencast,ERA5,7,20,MAM,0.3,0.18342151675485008,567,0.11657848324514991,0.0014032778532608694,0.014705757472826089
gencast,ERA5,7,20,MAM,0.4,0.3177257525083612,299,0.08227424749163881,0.0005222486413043478,0.014705757472826089
gencast,ERA5,7,20,MAM,0.5,0.2857142857142857,133,0.2142857142857143,0.0006050441576086957,0.014705757472826089
gencast,ERA5,7,20,MAM,0.6,0.4342105263157895,76,0.1657894736842105,0.00026749320652173905,0.014705757472826089
gencast,ERA5,7,20,MAM,0.7,0.5660377358490566,53,0.13396226415094337,0.00015073029891304345,0.014705757472826089
gencast,ERA5,7,20,MAM,0.8,0.7037037037037037,27,0.09629629629629632,5.519701086956524e-05,0.014705757472826089
gencast,ERA5,7,20,MAM,0.9,0.75,24,0.15000000000000002,7.642663043478261e-05,0.014705757472826089
gencast,ERA5,7,20,MAM,1.0,0.75,8,0.25,4.245923913043478e-05,0.014705757472826089
neuralgcm,CHIRPS,1,1,MAM,0.0,0.09761620227687276,15899,0.09761620227687276,0.03294836956521739,0.1450747282608696
neuralgcm,CHIRPS,1,1,MAM,0.1,0.20107719928186715,3899,0.10107719928186715,0.008366593070652174,0.1450747282608696
neuralgcm,CHIRPS,1,1,MAM,0.2,0.24729102167182662,2584,0.04729102167182661,0.0025942595108695643,0.1450747282608696
neuralgcm,CHIRPS,1,1,MAM,0.3,0.3121504829689883,1967,0.012150482968988296,0.0005073879076086952,0.1450747282608696
neuralgcm,CHIRPS,1,1,MAM,0.4,0.392253136933988,1833,0.007746863066012022,0.0003014605978260877,0.1450747282608696
neuralgcm,CHIRPS,1,1,MAM,0.5,0.37719298245614036,1596,0.12280701754385964,0.004161005434782609,0.1450747282608696
neuralgcm,CHIRPS,1,1,MAM,0.6,0.4418604651162791,1591,0.1581395348837209,0.005341372282608695,0.1450747282608696
neuralgcm,CHIRPS,1,1,MAM,0.7,0.5091009376723662,1813,0.19089906232763376,0.007347571331521739,0.1450747282608696
neuralgcm,CHIRPS,1,1,MAM,0.8,0.6037735849056604,2491,0.1962264150943397,0.010377038043478264,0.1450747282608696
neuralgcm,CHIRPS,1,1,MAM,0.9,0.6813260036648342,6003,0.21867399633516582,0.027868121603260878,0.1450747282608696
neuralgcm,CHIRPS,1,1,MAM,1.0,0.7129779213785676,7428,0.28702207862143236,0.04526154891304347,0.1450747282608696
neuralgcm,CHIRPS,1,5,MAM,0.0,0.06974871134020619,31040,0.06974871134020619,0.04596212635869565,0.13107167119565216
neuralgcm,CHIRPS,1,5,MAM,0.1,0.2647058823529412,2210,0.16470588235294117,0.00772758152173913,0.13107167119565216
neuralgcm,CHIRPS,1,5,MAM,0.2,0.3431952662721893,1690,0.14319526627218931,0.005137567934782607,0.13107167119565216
neuralgcm,CHIRPS,1,5,MAM,0.3,0.3453343130051433,1361,0.04533431300514329,0.0013098675271739134,0.13107167119565216
neuralgcm,CHIRPS,1,5,MAM,0.4,0.42082239720035,1143,0.02082239720034995,0.0005052649456521738,0.13107167119565216
neuralgcm,CHIRPS,1,5,MAM,0.5,0.3841860465116279,1075,0.11581395348837209,0.002643087635869565,0.13107167119565216
neuralgcm,CHIRPS,1,5,MAM,0.6,0.42238946378174974,1063,0.17761053621825024,0.004008152173913044,0.13107167119565216
neuralgcm,CHIRPS,1,5,MAM,0.7,0.43209876543209874,1134,0.2679012345679012,0.006449558423913043,0.13107167119565216
neuralgcm,CHIRPS,1,5,MAM,0.8,0.42058165548098436,1341,0.3794183445190157,0.010801630434782609,0.13107167119565216
neuralgcm,CHIRPS,1,5,MAM,0.9,0.5082912761355444,2774,0.39170872386445565,0.023068104619565218,0.13107167119565216
neuralgcm,CHIRPS,1,5,MAM,1.0,0.5138583369995601,2273,0.4861416630004399,0.023458729619565216,0.13107167119565216
neuralgcm,CHIRPS,1,10,MAM,0.0,0.0489753021544929,38060,0.0489753021544929,0.039572010869565216,0.09130647078804348
neuralgcm,CHIRPS,1,10,MAM,0.1,0.21270310192023634,2031,0.11270310192023633,0.0048594599184782605,0.09130647078804348
neuralgcm,CHIRPS,1,10,MAM,0.2,0.26131511528608026,1171,0.061315115286080246,0.001524286684782608,0.09130647078804348
neuralgcm,CHIRPS,1,10,MAM,0.3,0.24865446716899892,929,0.05134553283100107,0.0010126528532608695,0.09130647078804348
neuralgcm,CHIRPS,1,10,MAM,0.4,0.24854651162790697,688,0.15145348837209305,0.0022121263586956526,0.09130647078804348
neuralgcm,CHIRPS,1,10,MAM,0.5,0.3304498269896194,578,0.1695501730103806,0.002080502717391304,0.09130647078804348
neuralgcm,CHIRPS,1,10,MAM,0.6,0.23497267759562843,549,0.3650273224043715,0.0042544157608695645,0.09130647078804348
neuralgcm,CHIRPS,1,10,MAM,0.7,0.3,620,0.39999999999999997,0.005264945652173912,0.09130647078804348
neuralgcm,CHIRPS,1,10,MAM,0.8,0.28996865203761757,638,0.5100313479623825,0.006908118206521739,0.09130647078804348
neuralgcm,CHIRPS,1,10,MAM,0.9,0.3241025641025641,975,0.5758974358974359,0.011920431385869566,0.09130647078804348
neuralgcm,CHIRPS,1,10,MAM,1.0,0.3630057803468208,865,0.6369942196531793,0.011697520380434784,0.09130647078804348
neuralgcm,CHIRPS,1,20,MAM,0.0,0.01932226211849192,44560,0.01932226211849192,0.018278702445652172,0.03286345108695652
neuralgcm,CHIRPS,1,20,MAM,0.1,0.1220715166461159,811,0.022071516646115896,0.0003800101902173911,0.03286345108695652
neuralgcm,CHIRPS,1,20,MAM,0.2,0.10476190476190476,420,0.09523809523809525,0.0008491847826086957,0.03286345108695652
neuralgcm,CHIRPS,1,20,MAM,0.3,0.14545454545454545,220,0.15454545454545454,0.0007218070652173913,0.03286345108695652
neuralgcm,CHIRPS,1,20,MAM,0.4,0.1592356687898089,157,0.2407643312101911,0.0008024796195652175,0.03286345108695652
neuralgcm,CHIRPS,1,20,MAM,0.5,0.14285714285714285,140,0.35714285714285715,0.0010614809782608697,0.03286345108695652
neuralgcm,CHIRPS,1,20,MAM,0.6,0.10404624277456648,173,0.4959537572254335,0.001821501358695652,0.03286345108695652
neuralgcm,CHIRPS,1,20,MAM,0.7,0.16666666666666666,162,0.5333333333333333,0.0018342391304347826,0.03286345108695652
neuralgcm,CHIRPS,1,20,MAM,0.8,0.13636363636363635,110,0.6636363636363637,0.0015497622282608697,0.03286345108695652
neuralgcm,CHIRPS,1,20,MAM,0.9,0.0738255033557047,149,0.8261744966442953,0.002613366168478261,0.03286345108695652
neuralgcm,CHIRPS,1,20,MAM,1.0,0.3118811881188119,202,0.6881188118811881,0.002950917119565217,0.03286345108695652
neuralgcm,CHIRPS,3,1,MAM,0.0,0.06481327800829875,12050,0.06481327800829875,0.016580332880434784,0.1308402683423913
neuralgcm,CHIRPS,3,1,MAM,0.1,0.1471531676022454,4988,0.04715316760224539,0.00499320652173913,0.1308402683423913
neuralgcm,CHIRPS,3,1,MAM,0.2,0.23160027008777853,2962,0.03160027008777852,0.0019870923913043476,0.1308402683423913
neuralgcm,CHIRPS,3,1,MAM,0.3,0.2750417362270451,2396,0.024958263772954903,0.001269531249999999,0.1308402683423913
neuralgcm,CHIRPS,3,1,MAM,0.4,0.31106382978723407,2350,0.08893617021276595,0.004436990489130435,0.1308402683423913
neuralgcm,CHIRPS,3,1,MAM,0.5,0.37329286798179057,1977,0.12670713201820943,0.005318019701086958,0.1308402683423913
neuralgcm,CHIRPS,3,1,MAM,0.6,0.419449081803005,2396,0.18055091819699498,0.009183933423913044,0.1308402683423913
neuralgcm,CHIRPS,3,1,MAM,0.7,0.5021442495126706,2565,0.1978557504873294,0.010774031929347824,0.1308402683423913
neuralgcm,CHIRPS,3,1,MAM,0.8,0.5777429467084639,3190,0.2222570532915361,0.015051800271739134,0.1308402683423913
neuralgcm,CHIRPS,3,1,MAM,0.9,0.6815933350689924,3841,0.21840666493100758,0.01780952785326087,0.1308402683423913
neuralgcm,CHIRPS,3,1,MAM,1.0,0.756109190606747,8389,0.24389080939325303,0.04343580163043478,0.1308402683423913
neuralgcm,CHIRPS,3,5,MAM,0.0,0.0512649058285969,26919,0.0512649058285969,0.029296874999999997,0.09944590692934784
neuralgcm,CHIRPS,3,5,MAM,0.1,0.19632730218741562,3703,0.09632730218741561,0.007572605298913044,0.09944590692934784
neuralgcm,CHIRPS,3,5,MAM,0.2,0.2510839574300355,2537,0.051083957430035465,0.002751358695652173,0.09944590692934784
neuralgcm,CHIRPS,3,5,MAM,0.3,0.32781456953642385,2114,0.02781456953642386,0.0012483016304347836,0.09944590692934784
neuralgcm,CHIRPS,3,5,MAM,0.4,0.3417588204318062,1899,0.0582411795681938,0.002347995923913044,0.09944590692934784
neuralgcm,CHIRPS,3,5,MAM,0.5,0.41511562323745066,1773,0.08488437676254934,0.0031950577445652166,0.09944590692934784
neuralgcm,CHIRPS,3,5,MAM,0.6,0.4391592920353982,1808,0.16084070796460176,0.006173573369565217,0.09944590692934784
neuralgcm,CHIRPS,3,5,MAM,0.7,0.471815107102593,1774,0.22818489289740695,0.008593749999999999,0.09944590692934784
neuralgcm,CHIRPS,3,5,MAM,0.8,0.4888597640891219,1526,0.31114023591087814,0.010079823369565217,0.09944590692934784
neuralgcm,CHIRPS,3,5,MAM,0.9,0.4657162253903598,1473,0.43428377460964024,0.013580587635869567,0.09944590692934784
neuralgcm,CHIRPS,3,5,MAM,1.0,0.5640050697084917,1578,0.43599493029150826,0.014605978260869564,0.09944590692934784
neuralgcm,CHIRPS,3,10,MAM,0.0,0.04077290240956927,34778,0.04077290240956927,0.030103600543478264,0.06957370923913044
neuralgcm,CHIRPS,3,10,MAM,0.1,0.16374871266735325,3884,0.06374871266735324,0.005256453804347826,0.06957370923913044
neuralgcm,CHIRPS,3,10,MAM,0.2,0.2310502283105023,2190,0.031050228310502276,0.0014436141304347823,0.06957370923913044
neuralgcm,CHIRPS,3,10,MAM,0.3,0.25087719298245614,1710,0.049122807017543846,0.0017832880434782603,0.06957370923913044
neuralgcm,CHIRPS,3,10,MAM,0.4,0.27350427350427353,1170,0.1264957264957265,0.003141983695652174,0.06957370923913044
neuralgcm,CHIRPS,3,10,MAM,0.5,0.24857468643101482,877,0.2514253135689852,0.004681131114130435,0.06957370923913044
neuralgcm,CHIRPS,3,10,MAM,0.6,0.2782608695652174,690,0.3217391304347826,0.00471297554347826,0.06957370923913044
neuralgcm,CHIRPS,3,10,MAM,0.7,0.2329803328290469,661,0.46701966717095306,0.006553583559782608,0.06957370923913044
neuralgcm,CHIRPS,3,10,MAM,0.8,0.3548387096774194,465,0.44516129032258067,0.00439453125,0.06957370923913044
neuralgcm,CHIRPS,3,10,MAM,0.9,0.4170984455958549,386,0.4829015544041451,0.003957201086956522,0.06957370923913044
neuralgcm,CHIRPS,3,10,MAM,1.0,0.4300341296928328,293,0.5699658703071673,0.003545346467391305,0.06957370923913044
neuralgcm,CHIRPS,3,20,MAM,0.0,0.01920087775441163,43748,0.01920087775441163,0.017832880434782608,0.02572393002717391
neuralgcm,CHIRPS,3,20,MAM,0.1,0.07581227436823104,1662,0.024187725631768964,0.0008534307065217395,0.02572393002717391
neuralgcm,CHIRPS,3,20,MAM,0.2,0.11005434782608696,736,0.08994565217391305,0.0014054008152173914,0.02572393002717391
neuralgcm,CHIRPS,3,20,MAM,0.3,0.1595238095238095,420,0.14047619047619048,0.001252547554347826,0.02572393002717391
neuralgcm,CHIRPS,3,20,MAM,0.4,0.13736263736263737,182,0.26263736263736265,0.0010147758152173913,0.02572393002717391
neuralgcm,CHIRPS,3,20,MAM,0.5,0.11764705882352941,102,0.38235294117647056,0.0008279551630434783,0.02572393002717391
neuralgcm,CHIRPS,3,20,MAM,0.6,0.17525773195876287,97,0.4247422680412371,0.0008746603260869566,0.02572393002717391
neuralgcm,CHIRPS,3,20,MAM,0.7,0.2328767123287671,73,0.46712328767123285,0.000723930027173913,0.02572393002717391
neuralgcm,CHIRPS,3,20,MAM,0.8,0.41935483870967744,31,0.3806451612903226,0.00025050951086956523,0.02572393002717391
neuralgcm,CHIRPS,3,20,MAM,0.9,0.2777777777777778,36,0.6222222222222222,0.0004755434782608696,0.02572393002717391
neuralgcm,CHIRPS,3,20,MAM,1.0,0.4117647058823529,17,0.5882352941176471,0.0002122961956521739,0.02572393002717391
neuralgcm,CHIRPS,5,1,MAM,0.0,0.06732348111658457,12789,0.06732348111658457,0.018278702445652176,0.12236965013586958
neuralgcm,CHIRPS,5,1,MAM,0.1,0.16010956175298804,4016,0.06010956175298804,0.0051248301630434775,0.12236965013586958
neuralgcm,CHIRPS,5,1,MAM,0.2,0.22456140350877193,3135,0.024561403508771923,0.0016346807065217388,0.12236965013586958
neuralgcm,CHIRPS,5,1,MAM,0.3,0.28844652615144417,2562,0.011553473848555817,0.000628396739130435,0.12236965013586958
neuralgcm,CHIRPS,5,1,MAM,0.4,0.34868977176669486,2366,0.051310228233305166,0.002577275815217392,0.12236965013586958
neuralgcm,CHIRPS,5,1,MAM,0.5,0.38979750778816197,2568,0.11020249221183803,0.006007982336956524,0.12236965013586958
neuralgcm,CHIRPS,5,1,MAM,0.6,0.45972644376899696,2632,0.14027355623100302,0.00783797554347826,0.12236965013586958
neuralgcm,CHIRPS,5,1,MAM,0.7,0.48482549317147194,2636,0.215174506828528,0.0120414402173913,0.12236965013586958
neuralgcm,CHIRPS,5,1,MAM,0.8,0.5969506131919124,3017,0.2030493868080876,0.013005264945652179,0.12236965013586958
neuralgcm,CHIRPS,5,1,MAM,0.9,0.685118619698059,4173,0.21488138030194104,0.019036599864130435,0.12236965013586958
neuralgcm,CHIRPS,5,1,MAM,1.0,0.7635228848821082,7210,0.23647711511789182,0.03619650135869565,0.12236965013586958
neuralgcm,CHIRPS,5,5,MAM,0.0,0.051590215249062876,25877,0.051590215249062876,0.02834154211956522,0.09244437839673914
neuralgcm,CHIRPS,5,5,MAM,0.1,0.18933697881066303,4389,0.08933697881066302,0.00832413383152174,0.09244437839673914
neuralgcm,CHIRPS,5,5,MAM,0.2,0.26458530432040367,3171,0.06458530432040366,0.004347826086956522,0.09244437839673914
neuralgcm,CHIRPS,5,5,MAM,0.3,0.2999207606973059,2524,7.923930269410073e-05,4.245923913041573e-06,0.09244437839673914
neuralgcm,CHIRPS,5,5,MAM,0.4,0.3583756345177665,1970,0.04162436548223353,0.0017408288043478273,0.09244437839673914
neuralgcm,CHIRPS,5,5,MAM,0.5,0.3886486486486487,1850,0.11135135135135132,0.004373301630434782,0.09244437839673914
neuralgcm,CHIRPS,5,5,MAM,0.6,0.38675340035481964,1691,0.21324659964518033,0.00765540081521739,0.09244437839673914
neuralgcm,CHIRPS,5,5,MAM,0.7,0.4620403321470937,1686,0.23795966785290623,0.008517323369565215,0.09244437839673914
neuralgcm,CHIRPS,5,5,MAM,0.8,0.46320346320346323,1386,0.3367965367965368,0.009909986413043479,0.09244437839673914
neuralgcm,CHIRPS,5,5,MAM,0.9,0.5354107648725213,1412,0.36458923512747876,0.010929008152173913,0.09244437839673914
neuralgcm,CHIRPS,5,5,MAM,1.0,0.6594076655052264,1148,0.34059233449477355,0.00830078125,0.09244437839673914
neuralgcm,CHIRPS,5,10,MAM,0.0,0.04378868576363898,34735,0.04378868576363898,0.03229025135869565,0.0629606827445652
neuralgcm,CHIRPS,5,10,MAM,0.1,0.16072629455279086,4461,0.060726294552790855,0.005751103940217391,0.0629606827445652
neuralgcm,CHIRPS,5,10,MAM,0.2,0.20723283218203983,2461,0.007232832182039822,0.0003778872282608696,0.0629606827445652
neuralgcm,CHIRPS,5,10,MAM,0.3,0.23773841961852862,1468,0.062261580381471365,0.001940387228260869,0.0629606827445652
neuralgcm,CHIRPS,5,10,MAM,0.4,0.233843537414966,1176,0.16615646258503403,0.004148267663043478,0.0629606827445652
neuralgcm,CHIRPS,5,10,MAM,0.5,0.25027932960893856,895,0.24972067039106144,0.004744819972826086,0.0629606827445652
neuralgcm,CHIRPS,5,10,MAM,0.6,0.33948863636363635,704,0.2605113636363636,0.0038935122282608694,0.0629606827445652
neuralgcm,CHIRPS,5,10,MAM,0.7,0.3319919517102616,497,0.3680080482897384,0.0038828974184782605,0.0629606827445652
neuralgcm,CHIRPS,5,10,MAM,0.8,0.48711340206185566,388,0.3128865979381444,0.002577275815217392,0.0629606827445652
neuralgcm,CHIRPS,5,10,MAM,0.9,0.4,250,0.5,0.002653702445652174,0.0629606827445652
neuralgcm,CHIRPS,5,10,MAM,1.0,0.5217391304347826,69,0.4782608695652174,0.000700577445652174,0.0629606827445652
neuralgcm,CHIRPS,5,20,MAM,0.0,0.019752974298428844,44044,0.019752974298428844,0.018469769021739132,0.023647673233695654
neuralgcm,CHIRPS,5,20,MAM,0.1,0.07700892857142858,1792,0.02299107142857143,0.0008746603260869567,0.023647673233695654
neuralgcm,CHIRPS,5,20,MAM,0.2,0.11517367458866545,547,0.08482632541133456,0.0009850543478260871,0.023647673233695654
neuralgcm,CHIRPS,5,20,MAM,0.3,0.1536050156739812,319,0.1463949843260188,0.0009914232336956522,0.023647673233695654
neuralgcm,CHIRPS,5,20,MAM,0.4,0.23076923076923078,156,0.16923076923076924,0.0005604619565217391,0.023647673233695654
neuralgcm,CHIRPS,5,20,MAM,0.5,0.23776223776223776,143,0.26223776223776224,0.0007961107336956522,0.023647673233695654
neuralgcm,CHIRPS,5,20,MAM,0.6,0.2,55,0.39999999999999997,0.00046705163043478257,0.023647673233695654
neuralgcm,CHIRPS,5,20,MAM,0.7,0.25,16,0.44999999999999996,0.0001528532608695652,0.023647673233695654
neuralgcm,CHIRPS,5,20,MAM,0.8,0.30434782608695654,23,0.4956521739130435,0.00024201766304347827,0.023647673233695654
neuralgcm,CHIRPS,5,20,MAM,0.9,0.3333333333333333,9,0.5666666666666667,0.0001082710597826087,0.023647673233695654
neuralgcm,CHIRPS,5,20,MAM,1.0,,0,,,0.023647673233695654
neuralgcm,CHIRPS,7,1,MAM,0.0,0.06240754437869823,10816,0.06240754437869823,0.01432999320652174,0.1333687160326087
neuralgcm,CHIRPS,7,1,MAM,0.1,0.1468236339404709,4502,0.0468236339404709,0.004475203804347826,0.1333687160326087
neuralgcm,CHIRPS,7,1,MAM,0.2,0.2016204425054534,3209,0.001620442505453401,0.00011039402173912968,0.1333687160326087
neuralgcm,CHIRPS,7,1,MAM,0.3,0.24649368863955118,2852,0.05350631136044881,0.003239639945652174,0.1333687160326087
neuralgcm,CHIRPS,7,1,MAM,0.4,0.3027005239822652,2481,0.09729947601773481,0.005124830163043479,0.1333687160326087
neuralgcm,CHIRPS,7,1,MAM,0.5,0.3582934262080975,2297,0.1417065737919025,0.006910241168478261,0.1333687160326087
neuralgcm,CHIRPS,7,1,MAM,0.6,0.4061887974931453,2553,0.19381120250685469,0.010504415760869565,0.1333687160326087
neuralgcm,CHIRPS,7,1,MAM,0.7,0.5107735782409043,2831,0.18922642175909565,0.011372707201086952,0.1333687160326087
neuralgcm,CHIRPS,7,1,MAM,0.8,0.580917237743806,3794,0.21908276225619405,0.017646059782608702,0.1333687160326087
neuralgcm,CHIRPS,7,1,MAM,0.9,0.6589583333333333,4800,0.2410416666666667,0.024562669836956524,0.1333687160326087
neuralgcm,CHIRPS,7,1,MAM,1.0,0.7628067154541541,6969,0.23719328454584587,0.035092561141304345,0.1333687160326087
neuralgcm,CHIRPS,7,5,MAM,0.0,0.038237738985868665,22857,0.038237738985868665,0.0185546875,0.09155061141304348
neuralgcm,CHIRPS,7,5,MAM,0.1,0.1492963491739751,4903,0.0492963491739751,0.0051311990489130415,0.09155061141304348
neuralgcm,CHIRPS,7,5,MAM,0.2,0.22527310304103926,3387,0.025273103041039247,0.0018172554347826073,0.09155061141304348
neuralgcm,CHIRPS,7,5,MAM,0.3,0.2988,2500,0.0011999999999999789,6.368885869565105e-05,0.09155061141304348
neuralgcm,CHIRPS,7,5,MAM,0.4,0.31398416886543534,2653,0.08601583113456468,0.004844599184782611,0.09155061141304348
neuralgcm,CHIRPS,7,5,MAM,0.5,0.34286865431103947,2482,0.15713134568896053,0.008279551630434784,0.09155061141304348
neuralgcm,CHIRPS,7,5,MAM,0.6,0.39726747241198107,1903,0.2027325275880189,0.008190387228260869,0.09155061141304348
neuralgcm,CHIRPS,7,5,MAM,0.7,0.4668737060041408,1932,0.23312629399585916,0.00956182065217391,0.09155061141304348
neuralgcm,CHIRPS,7,5,MAM,0.8,0.465324384787472,1788,0.33467561521252803,0.01270380434782609,0.09155061141304348
neuralgcm,CHIRPS,7,5,MAM,0.9,0.5198487712665406,1587,0.3801512287334594,0.012807829483695654,0.09155061141304348
neuralgcm,CHIRPS,7,5,MAM,1.0,0.5935251798561151,1112,0.4064748201438849,0.009595788043478262,0.09155061141304348
neuralgcm,CHIRPS,7,10,MAM,0.0,0.03490693630450183,31054,0.03490693630450183,0.023012907608695652,0.06611115828804348
neuralgcm,CHIRPS,7,10,MAM,0.1,0.13440658929239985,5342,0.03440658929239984,0.003902004076086956,0.06611115828804348
neuralgcm,CHIRPS,7,10,MAM,0.2,0.18620466321243523,3088,0.013795336787564783,0.0009043817934782619,0.06611115828804348
neuralgcm,CHIRPS,7,10,MAM,0.3,0.2139991083370486,2243,0.08600089166295138,0.004095193614130434,0.06611115828804348
neuralgcm,CHIRPS,7,10,MAM,0.4,0.21481481481481482,1620,0.1851851851851852,0.006368885869565218,0.06611115828804348
neuralgcm,CHIRPS,7,10,MAM,0.5,0.25691056910569104,1230,0.24308943089430896,0.006347656250000001,0.06611115828804348
neuralgcm,CHIRPS,7,10,MAM,0.6,0.2698744769874477,956,0.33012552301255227,0.006700067934782609,0.06611115828804348
neuralgcm,CHIRPS,7,10,MAM,0.7,0.3067226890756303,714,0.3932773109243697,0.005961277173913043,0.06611115828804348
neuralgcm,CHIRPS,7,10,MAM,0.8,0.3477272727272727,440,0.4522727272727273,0.004224694293478261,0.06611115828804348
neuralgcm,CHIRPS,7,10,MAM,0.9,0.36466165413533835,266,0.5353383458646617,0.0030230978260869564,0.06611115828804348
neuralgcm,CHIRPS,7,10,MAM,1.0,0.5099337748344371,151,0.49006622516556286,0.0015709918478260868,0.06611115828804348
neuralgcm,CHIRPS,7,20,MAM,0.0,0.01804197132276137,42124,0.01804197132276137,0.016134510869565216,0.02643299932065217
neuralgcm,CHIRPS,7,20,MAM,0.1,0.06618705035971223,2780,0.033812949640287776,0.001995584239130435,0.02643299932065217
neuralgcm,CHIRPS,7,20,MAM,0.2,0.0900735294117647,1088,0.1099264705882353,0.0025390625,0.02643299932065217
neuralgcm,CHIRPS,7,20,MAM,0.3,0.1168141592920354,565,0.1831858407079646,0.002197265625,0.02643299932065217
neuralgcm,CHIRPS,7,20,MAM,0.4,0.1482889733840304,263,0.2517110266159696,0.0014054008152173914,0.02643299932065217
neuralgcm,CHIRPS,7,20,MAM,0.5,0.24060150375939848,133,0.2593984962406015,0.000732421875,0.02643299932065217
neuralgcm,CHIRPS,7,20,MAM,0.6,0.1891891891891892,74,0.4108108108108108,0.0006453804347826087,0.02643299932065217
neuralgcm,CHIRPS,7,20,MAM,0.7,0.1875,32,0.5125,0.00034816576086956516,0.02643299932065217
neuralgcm,CHIRPS,7,20,MAM,0.8,0.375,40,0.42500000000000004,0.0003609035326086957,0.02643299932065217
neuralgcm,CHIRPS,7,20,MAM,0.9,0.2,5,0.7,7.430366847826086e-05,0.02643299932065217
neuralgcm,CHIRPS,7,20,MAM,1.0,,0,,,0.02643299932065217
neuralgcm,ERA5,1,1,MAM,0.0,0.04905968928863451,15899,0.04905968928863451,0.016559103260869568,0.08785665760869568
neuralgcm,ERA5,1,1,MAM,0.1,0.15516799179276738,3899,0.05516799179276738,0.0045664911684782615,0.08785665760869568
neuralgcm,ERA5,1,1,MAM,0.2,0.18846749226006193,2584,0.01153250773993808,0.0006326426630434782,0.08785665760869568
neuralgcm,ERA5,1,1,MAM,0.3,0.29334011184544995,1967,0.006659888154550042,0.0002781080163043464,0.08785665760869568
neuralgcm,ERA5,1,1,MAM,0.4,0.3518821603927987,1833,0.04811783960720134,0.0018724524456521752,0.08785665760869568
neuralgcm,ERA5,1,1,MAM,0.5,0.42042606516290726,1596,0.07957393483709274,0.0026961616847826094,0.08785665760869568
neuralgcm,ERA5,1,1,MAM,0.6,0.4714016341923319,1591,0.1285983658076681,0.004343580163043477,0.08785665760869568
neuralgcm,ERA5,1,1,MAM,0.7,0.5427468284611142,1813,0.15725317153888574,0.006052564538043474,0.08785665760869568
neuralgcm,ERA5,1,1,MAM,0.8,0.6888799678843838,2491,0.11112003211561627,0.005876358695652176,0.08785665760869568
neuralgcm,ERA5,1,1,MAM,0.9,0.7522905214059636,6003,0.14770947859403638,0.01882430366847827,0.08785665760869568
neuralgcm,ERA5,1,1,MAM,1.0,0.8341410877759827,7428,0.16585891222401727,0.02615489130434783,0.08785665760869568
neuralgcm,ERA5,1,5,MAM,0.0,0.04049613402061856,31040,0.04049613402061856,0.02668563179347826,0.08916440217391304
neuralgcm,ERA5,1,5,MAM,0.1,0.2343891402714932,2210,0.1343891402714932,0.006305197010869565,0.08916440217391304
neuralgcm,ERA5,1,5,MAM,0.2,0.2869822485207101,1690,0.08698224852071007,0.003120754076086957,0.08916440217391304
neuralgcm,ERA5,1,5,MAM,0.3,0.36737692872887584,1361,0.06737692872887585,0.0019467561141304354,0.08916440217391304
neuralgcm,ERA5,1,5,MAM,0.4,0.42694663167104113,1143,0.02694663167104111,0.0006538722826086955,0.08916440217391304
neuralgcm,ERA5,1,5,MAM,0.5,0.39069767441860465,1075,0.10930232558139535,0.0024944802989130435,0.08916440217391304
neuralgcm,ERA5,1,5,MAM,0.6,0.49482596425211667,1063,0.10517403574788331,0.0023734714673913034,0.08916440217391304
neuralgcm,ERA5,1,5,MAM,0.7,0.5194003527336861,1134,0.18059964726631383,0.004347826086956519,0.08916440217391304
neuralgcm,ERA5,1,5,MAM,0.8,0.517524235645041,1341,0.282475764354959,0.008041779891304349,0.08916440217391304
neuralgcm,ERA5,1,5,MAM,0.9,0.6074260994953137,2774,0.29257390050468635,0.017229959239130434,0.08916440217391304
neuralgcm,ERA5,1,5,MAM,1.0,0.6691597008358997,2273,0.3308402991641003,0.015964673913043476,0.08916440217391304
neuralgcm,ERA5,1,10,MAM,0.0,0.03594324750394114,38060,0.03594324750394114,0.029042119565217392,0.07026791779891305
neuralgcm,ERA5,1,10,MAM,0.1,0.206794682422452,2031,0.10679468242245199,0.0046047044836956515,0.07026791779891305
neuralgcm,ERA5,1,10,MAM,0.2,0.26216908625106744,1171,0.06216908625106743,0.0015455163043478252,0.07026791779891305
neuralgcm,ERA5,1,10,MAM,0.3,0.25618945102260493,929,0.04381054897739506,0.000864045516304348,0.07026791779891305
neuralgcm,ERA5,1,10,MAM,0.4,0.31976744186046513,688,0.08023255813953489,0.0011718750000000002,0.07026791779891305
neuralgcm,ERA5,1,10,MAM,0.5,0.3494809688581315,578,0.1505190311418685,0.0018469769021739128,0.07026791779891305
neuralgcm,ERA5,1,10,MAM,0.6,0.3296903460837887,549,0.27030965391621126,0.0031504755434782605,0.07026791779891305
neuralgcm,ERA5,1,10,MAM,0.7,0.3951612903225806,620,0.30483870967741933,0.004012398097826086,0.07026791779891305
neuralgcm,ERA5,1,10,MAM,0.8,0.38087774294670845,638,0.4191222570532916,0.005676800271739131,0.07026791779891305
neuralgcm,ERA5,1,10,MAM,0.9,0.4492307692307692,975,0.4507692307692308,0.009330417798913044,0.07026791779891305
neuralgcm,ERA5,1,10,MAM,1.0,0.5086705202312138,865,0.49132947976878616,0.009022588315217392,0.07026791779891305
neuralgcm,ERA5,1,20,MAM,0.0,0.015776481149012568,44560,0.015776481149012568,0.014924422554347826,0.02781080163043478
neuralgcm,ERA5,1,20,MAM,0.1,0.16646115906288533,811,0.06646115906288533,0.0011442764945652174,0.02781080163043478
neuralgcm,ERA5,1,20,MAM,0.2,0.15,420,0.05000000000000002,0.00044582201086956535,0.02781080163043478
neuralgcm,ERA5,1,20,MAM,0.3,0.2,220,0.09999999999999998,0.0004670516304347825,0.02781080163043478
neuralgcm,ERA5,1,20,MAM,0.4,0.17834394904458598,157,0.22165605095541405,0.0007387907608695654,0.02781080163043478
neuralgcm,ERA5,1,20,MAM,0.5,0.21428571428571427,140,0.2857142857142857,0.0008491847826086956,0.02781080163043478
neuralgcm,ERA5,1,20,MAM,0.6,0.18497109826589594,173,0.415028901734104,0.0015242866847826086,0.02781080163043478
neuralgcm,ERA5,1,20,MAM,0.7,0.21604938271604937,162,0.4839506172839506,0.0016644021739130434,0.02781080163043478
neuralgcm,ERA5,1,20,MAM,0.8,0.18181818181818182,110,0.6181818181818182,0.0014436141304347825,0.02781080163043478
neuralgcm,ERA5,1,20,MAM,0.9,0.18120805369127516,149,0.7187919463087249,0.002273692255434783,0.02781080163043478
neuralgcm,ERA5,1,20,MAM,1.0,0.45544554455445546,202,0.5445544554455446,0.002335258152173913,0.02781080163043478
neuralgcm,ERA5,3,1,MAM,0.0,0.03236514522821577,12050,0.03236514522821577,0.008279551630434784,0.09185844089673913
neuralgcm,ERA5,3,1,MAM,0.1,0.11046511627906977,4988,0.010465116279069764,0.0011081861413043475,0.09185844089673913
neuralgcm,ERA5,3,1,MAM,0.2,0.19074949358541526,2962,0.009250506414584747,0.0005816915760869571,0.09185844089673913
neuralgcm,ERA5,3,1,MAM,0.3,0.24081803005008348,2396,0.05918196994991651,0.0030103600543478254,0.09185844089673913
neuralgcm,ERA5,3,1,MAM,0.4,0.28808510638297874,2350,0.11191489361702128,0.005583389945652175,0.09185844089673913
neuralgcm,ERA5,3,1,MAM,0.5,0.38088012139605465,1977,0.11911987860394535,0.004999575407608695,0.09185844089673913
neuralgcm,ERA5,3,1,MAM,0.6,0.4557595993322204,2396,0.1442404006677796,0.007336956521739129,0.09185844089673913
neuralgcm,ERA5,3,1,MAM,0.7,0.549317738791423,2565,0.15068226120857697,0.00820524796195652,0.09185844089673913
neuralgcm,ERA5,3,1,MAM,0.8,0.6369905956112852,3190,0.1630094043887148,0.011039402173913047,0.09185844089673913
neuralgcm,ERA5,3,1,MAM,0.9,0.724030200468628,3841,0.17596979953137204,0.014349099864130434,0.09185844089673913
neuralgcm,ERA5,3,1,MAM,1.0,0.8463464060078675,8389,0.15365359399213252,0.027364979619565213,0.09185844089673913
neuralgcm,ERA5,3,5,MAM,0.0,0.028975816337902596,26919,0.028975816337902596,0.016559103260869564,0.06298191236413042
neuralgcm,ERA5,3,5,MAM,0.1,0.15149878476910614,3703,0.05149878476910613,0.004048488451086956,0.06298191236413042
neuralgcm,ERA5,3,5,MAM,0.2,0.21955065037445803,2537,0.019550650374458023,0.0010529891304347826,0.06298191236413042
neuralgcm,ERA5,3,5,MAM,0.3,0.2890255439924314,2114,0.010974456007568578,0.0004925271739130429,0.06298191236413042
neuralgcm,ERA5,3,5,MAM,0.4,0.3644023170089521,1899,0.03559768299104793,0.001435122282608696,0.06298191236413042
neuralgcm,ERA5,3,5,MAM,0.5,0.4438804286520023,1773,0.05611957134799772,0.0021123471467391296,0.06298191236413042
neuralgcm,ERA5,3,5,MAM,0.6,0.4939159292035398,1808,0.10608407079646015,0.004071841032608694,0.06298191236413042
neuralgcm,ERA5,3,5,MAM,0.7,0.5219842164599775,1774,0.17801578354002245,0.006704313858695649,0.06298191236413042
neuralgcm,ERA5,3,5,MAM,0.8,0.5740498034076016,1526,0.22595019659239846,0.007319972826086957,0.06298191236413042
neuralgcm,ERA5,3,5,MAM,0.9,0.5797691785471826,1473,0.32023082145281745,0.010014011548913045,0.06298191236413042
neuralgcm,ERA5,3,5,MAM,1.0,0.7262357414448669,1578,0.2737642585551331,0.009171195652173912,0.06298191236413042
neuralgcm,ERA5,3,10,MAM,0.0,0.027891195583414803,34778,0.027891195583414803,0.02059273097826087,0.04836531929347826
neuralgcm,ERA5,3,10,MAM,0.1,0.1459835221421215,3884,0.04598352214212151,0.003791610054347825,0.04836531929347826
neuralgcm,ERA5,3,10,MAM,0.2,0.23378995433789954,2190,0.033789954337899525,0.0015709918478260861,0.04836531929347826
neuralgcm,ERA5,3,10,MAM,0.3,0.27251461988304093,1710,0.027485380116959057,0.000997792119565217,0.04836531929347826
neuralgcm,ERA5,3,10,MAM,0.4,0.3299145299145299,1170,0.07008547008547011,0.0017408288043478269,0.04836531929347826
neuralgcm,ERA5,3,10,MAM,0.5,0.31014823261117447,877,0.18985176738882553,0.0035347316576086955,0.04836531929347826
neuralgcm,ERA5,3,10,MAM,0.6,0.36376811594202896,690,0.23623188405797102,0.003460427989130435,0.04836531929347826
neuralgcm,ERA5,3,10,MAM,0.7,0.3358547655068079,661,0.3641452344931921,0.005109969429347825,0.04836531929347826
neuralgcm,ERA5,3,10,MAM,0.8,0.4344086021505376,465,0.36559139784946243,0.003609035326086957,0.04836531929347826
neuralgcm,ERA5,3,10,MAM,0.9,0.6476683937823834,386,0.25233160621761663,0.0020677649456521748,0.04836531929347826
neuralgcm,ERA5,3,10,MAM,1.0,0.6962457337883959,293,0.30375426621160406,0.0018894361413043478,0.04836531929347826
neuralgcm,ERA5,3,20,MAM,0.0,0.015566425893755143,43748,0.015566425893755143,0.014457370923913044,0.019100288722826084
neuralgcm,ERA5,3,20,MAM,0.1,0.09987966305655836,1662,0.00012033694344164292,4.245923913043702e-06,0.019100288722826084
neuralgcm,ERA5,3,20,MAM,0.2,0.16576086956521738,736,0.03423913043478263,0.0005349864130434786,0.019100288722826084
neuralgcm,ERA5,3,20,MAM,0.3,0.16666666666666666,420,0.13333333333333333,0.0011888586956521738,0.019100288722826084
neuralgcm,ERA5,3,20,MAM,0.4,0.23076923076923078,182,0.16923076923076924,0.0006538722826086957,0.019100288722826084
neuralgcm,ERA5,3,20,MAM,0.5,0.2647058823529412,102,0.23529411764705882,0.0005095108695652174,0.019100288722826084
neuralgcm,ERA5,3,20,MAM,0.6,0.3711340206185567,97,0.22886597938144326,0.000471297554347826,0.019100288722826084
neuralgcm,ERA5,3,20,MAM,0.7,0.3424657534246575,73,0.35753424657534244,0.0005540930706521739,0.019100288722826084
neuralgcm,ERA5,3,20,MAM,0.8,0.4838709677419355,31,0.31612903225806455,0.00020805027173913045,0.019100288722826084
neuralgcm,ERA5,3,20,MAM,0.9,0.4166666666666667,36,0.48333333333333334,0.00036939538043478264,0.019100288722826084
neuralgcm,ERA5,3,20,MAM,1.0,0.5882352941176471,17,0.4117647058823529,0.00014860733695652172,0.019100288722826084
neuralgcm,ERA5,5,1,MAM,0.0,0.03127687856751896,12789,0.03127687856751896,0.008491847826086958,0.08163001019021737
neuralgcm,ERA5,5,1,MAM,0.1,0.11752988047808766,4016,0.01752988047808765,0.0014945652173913044,0.08163001019021737
neuralgcm,ERA5,5,1,MAM,0.2,0.18277511961722487,3135,0.017224880382775143,0.0011463994565217408,0.08163001019021737
neuralgcm,ERA5,5,1,MAM,0.3,0.2681498829039813,2562,0.031850117096018704,0.0017323369565217376,0.08163001019021737
neuralgcm,ERA5,5,1,MAM,0.4,0.3224852071005917,2366,0.07751479289940832,0.003893512228260871,0.08163001019021737
neuralgcm,ERA5,5,1,MAM,0.5,0.4092679127725857,2568,0.09073208722741433,0.004946501358695652,0.08163001019021737
neuralgcm,ERA5,5,1,MAM,0.6,0.4722644376899696,2632,0.12773556231003036,0.007137398097826085,0.08163001019021737
neuralgcm,ERA5,5,1,MAM,0.7,0.5367981790591806,2636,0.16320182094081936,0.009132982336956518,0.08163001019021737
neuralgcm,ERA5,5,1,MAM,0.8,0.6499834272456082,3017,0.15001657275439184,0.009608525815217395,0.08163001019021737
neuralgcm,ERA5,5,1,MAM,0.9,0.7471842798945603,4173,0.15281572010543976,0.013538128396739133,0.08163001019021737
neuralgcm,ERA5,5,1,MAM,1.0,0.8660194174757282,7210,0.1339805825242718,0.020507812499999993,0.08163001019021737
neuralgcm,ERA5,5,5,MAM,0.0,0.02805580245005217,25877,0.02805580245005217,0.015412703804347828,0.05817128057065217
neuralgcm,ERA5,5,5,MAM,0.1,0.14490772385509226,4389,0.04490772385509226,0.004184358016304346,0.05817128057065217
neuralgcm,ERA5,5,5,MAM,0.2,0.2403027436140019,3171,0.04030274361400188,0.002713145380434782,0.05817128057065217
neuralgcm,ERA5,5,5,MAM,0.3,0.31101426307448493,2524,0.011014263074484942,0.0005901834239130433,0.05817128057065217
neuralgcm,ERA5,5,5,MAM,0.4,0.3695431472081218,1970,0.03045685279187821,0.001273777173913045,0.05817128057065217
neuralgcm,ERA5,5,5,MAM,0.5,0.4291891891891892,1850,0.07081081081081081,0.0027810801630434785,0.05817128057065217
neuralgcm,ERA5,5,5,MAM,0.6,0.44056771141336487,1691,0.1594322885866351,0.005723505434782608,0.05817128057065217
neuralgcm,ERA5,5,5,MAM,0.7,0.5290628706998813,1686,0.17093712930011862,0.006118376358695651,0.05817128057065217
neuralgcm,ERA5,5,5,MAM,0.8,0.5743145743145743,1386,0.2256854256854257,0.006640625000000001,0.05817128057065217
neuralgcm,ERA5,5,5,MAM,0.9,0.6706798866855525,1412,0.22932011331444757,0.006874150815217391,0.05817128057065217
neuralgcm,ERA5,5,5,MAM,1.0,0.759581881533101,1148,0.24041811846689898,0.005859375,0.05817128057065217
neuralgcm,ERA5,5,10,MAM,0.0,0.02999856052972506,34735,0.02999856052972506,0.02212126358695652,0.0464652683423913
neuralgcm,ERA5,5,10,MAM,0.1,0.16431293431965927,4461,0.06431293431965926,0.0060907778532608686,0.0464652683423913
neuralgcm,ERA5,5,10,MAM,0.2,0.2328321820398212,2461,0.03283218203982119,0.001715353260869564,0.0464652683423913
neuralgcm,ERA5,5,10,MAM,0.3,0.25885558583106266,1468,0.04114441416893733,0.0012822690217391304,0.0464652683423913
neuralgcm,ERA5,5,10,MAM,0.4,0.2925170068027211,1176,0.10748299319727894,0.002683423913043479,0.0464652683423913
neuralgcm,ERA5,5,10,MAM,0.5,0.3329608938547486,895,0.16703910614525141,0.003173828125,0.0464652683423913
neuralgcm,ERA5,5,10,MAM,0.6,0.42329545454545453,704,0.17670454545454545,0.0026409646739130434,0.0464652683423913
neuralgcm,ERA5,5,10,MAM,0.7,0.4426559356136821,497,0.25734406438631785,0.002715268342391304,0.0464652683423913
neuralgcm,ERA5,5,10,MAM,0.8,0.6056701030927835,388,0.19432989690721658,0.001600713315217392,0.0464652683423913
neuralgcm,ERA5,5,10,MAM,0.9,0.552,250,0.348,0.001846976902173913,0.0464652683423913
neuralgcm,ERA5,5,10,MAM,1.0,0.5942028985507246,69,0.4057971014492754,0.000594429347826087,0.0464652683423913
neuralgcm,ERA5,5,20,MAM,0.0,0.01696031241485787,44044,0.01696031241485787,0.015858525815217392,0.019138502038043476
neuralgcm,ERA5,5,20,MAM,0.1,0.10770089285714286,1792,0.0077008928571428575,0.00029296875000000004,0.019138502038043476
neuralgcm,ERA5,5,20,MAM,0.2,0.14990859232175502,547,0.05009140767824499,0.0005816915760869567,0.019138502038043476
neuralgcm,ERA5,5,20,MAM,0.3,0.16927899686520376,319,0.13072100313479623,0.0008852751358695652,0.019138502038043476
neuralgcm,ERA5,5,20,MAM,0.4,0.2692307692307692,156,0.1307692307692308,0.0004330842391304349,0.019138502038043476
neuralgcm,ERA5,5,20,MAM,0.5,0.36363636363636365,143,0.13636363636363635,0.0004139775815217391,0.019138502038043476
neuralgcm,ERA5,5,20,MAM,0.6,0.38181818181818183,55,0.21818181818181814,0.00025475543478260863,0.019138502038043476
neuralgcm,ERA5,5,20,MAM,0.7,0.4375,16,0.26249999999999996,8.916440217391303e-05,0.019138502038043476
neuralgcm,ERA5,5,20,MAM,0.8,0.2608695652173913,23,0.5391304347826087,0.00026324728260869565,0.019138502038043476
neuralgcm,ERA5,5,20,MAM,0.9,0.5555555555555556,9,0.34444444444444444,6.581182065217391e-05,0.019138502038043476
neuralgcm,ERA5,5,20,MAM,1.0,,0,,,0.019138502038043476
neuralgcm,ERA5,7,1,MAM,0.0,0.03143491124260355,10816,0.03143491124260355,0.007218070652173913,0.09933763586956522
neuralgcm,ERA5,7,1,MAM,0.1,0.09840071079520213,4502,0.0015992892047978768,0.0001528532608695661,0.09933763586956522
neuralgcm,ERA5,7,1,MAM,0.2,0.14615144904954813,3209,0.05384855095045188,0.003668478260869567,0.09933763586956522
neuralgcm,ERA5,7,1,MAM,0.3,0.2138849929873773,2852,0.0861150070126227,0.00521399456521739,0.09933763586956522
neuralgcm,ERA5,7,1,MAM,0.4,0.28053204353083433,2481,0.11946795646916569,0.006292459239130436,0.09933763586956522
neuralgcm,ERA5,7,1,MAM,0.5,0.3678711362646931,2297,0.1321288637353069,0.006443189538043477,0.09933763586956522
neuralgcm,ERA5,7,1,MAM,0.6,0.4281237759498629,2553,0.17187622405013708,0.00931555706521739,0.09933763586956522
neuralgcm,ERA5,7,1,MAM,0.7,0.522077004592017,2831,0.17792299540798295,0.010693359374999994,0.09933763586956522
neuralgcm,ERA5,7,1,MAM,0.8,0.6154454401686874,3794,0.18455455983131264,0.01486497961956522,0.09933763586956522
neuralgcm,ERA5,7,1,MAM,0.9,0.7270833333333333,4800,0.17291666666666672,0.01762058423913044,0.09933763586956522
neuralgcm,ERA5,7,1,MAM,1.0,0.8793227148801837,6969,0.12067728511981635,0.017854110054347828,0.09933763586956522
neuralgcm,ERA5,7,5,MAM,0.0,0.0204313776961106,22857,0.0204313776961106,0.00991423233695652,0.06545516304347826
neuralgcm,ERA5,7,5,MAM,0.1,0.11503161329798083,4903,0.01503161329798082,0.0015646229619565208,0.06545516304347826
neuralgcm,ERA5,7,5,MAM,0.2,0.18659580749926188,3387,0.013404192500738127,0.0009638247282608704,0.06545516304347826
neuralgcm,ERA5,7,5,MAM,0.3,0.2568,2500,0.043200000000000016,0.0022927989130434793,0.06545516304347826
neuralgcm,ERA5,7,5,MAM,0.4,0.3019223520542782,2653,0.09807764794572182,0.005523947010869565,0.06545516304347826
neuralgcm,ERA5,7,5,MAM,0.5,0.3964544721998388,2482,0.10354552780016119,0.005456012228260871,0.06545516304347826
neuralgcm,ERA5,7,5,MAM,0.6,0.43825538623226484,1903,0.16174461376773513,0.006534476902173912,0.06545516304347826
neuralgcm,ERA5,7,5,MAM,0.7,0.4860248447204969,1932,0.21397515527950306,0.008776324728260867,0.06545516304347826
neuralgcm,ERA5,7,5,MAM,0.8,0.5604026845637584,1788,0.23959731543624163,0.009094769021739132,0.06545516304347826
neuralgcm,ERA5,7,5,MAM,0.9,0.6540642722117203,1587,0.24593572778827977,0.008285920516304347,0.06545516304347826
neuralgcm,ERA5,7,5,MAM,1.0,0.7014388489208633,1112,0.2985611510791367,0.007048233695652175,0.06545516304347826
neuralgcm,ERA5,7,10,MAM,0.0,0.02566497069620661,31054,0.02566497069620661,0.01692000679347826,0.050719684103260866
neuralgcm,ERA5,7,10,MAM,0.1,0.11812055409958817,5342,0.018120554099588168,0.0020550271739130433,0.050719684103260866
neuralgcm,ERA5,7,10,MAM,0.2,0.18296632124352333,3088,0.017033678756476683,0.0011166779891304348,0.050719684103260866
neuralgcm,ERA5,7,10,MAM,0.3,0.23762817654926438,2243,0.06237182345073561,0.0029700237771739125,0.050719684103260866
neuralgcm,ERA5,7,10,MAM,0.4,0.25308641975308643,1620,0.1469135802469136,0.00505264945652174,0.050719684103260866
neuralgcm,ERA5,7,10,MAM,0.5,0.2780487804878049,1230,0.2219512195121951,0.005795686141304347,0.050719684103260866
neuralgcm,ERA5,7,10,MAM,0.6,0.35669456066945604,956,0.24330543933054394,0.0049380095108695655,0.050719684103260866
neuralgcm,ERA5,7,10,MAM,0.7,0.3795518207282913,714,0.32044817927170866,0.004857336956521739,0.050719684103260866
neuralgcm,ERA5,7,10,MAM,0.8,0.45454545454545453,440,0.3454545454545455,0.003226902173913044,0.050719684103260866
neuralgcm,ERA5,7,10,MAM,0.9,0.4699248120300752,266,0.43007518796992483,0.00242866847826087,0.050719684103260866
neuralgcm,ERA5,7,10,MAM,1.0,0.5761589403973509,151,0.42384105960264906,0.0013586956521739132,0.050719684103260866
neuralgcm,ERA5,7,20,MAM,0.0,0.016024119266926217,42124,0.016024119266926217,0.014329993206521738,0.022951341711956525
neuralgcm,ERA5,7,20,MAM,0.1,0.0737410071942446,2780,0.0262589928057554,0.00154976222826087,0.022951341711956525
neuralgcm,ERA5,7,20,MAM,0.2,0.09650735294117647,1088,0.10349264705882354,0.002390455163043478,0.022951341711956525
neuralgcm,ERA5,7,20,MAM,0.3,0.15575221238938053,565,0.14424778761061946,0.0017302139945652173,0.022951341711956525
neuralgcm,ERA5,7,20,MAM,0.4,0.1596958174904943,263,0.24030418250950572,0.0013417119565217392,0.022951341711956525
neuralgcm,ERA5,7,20,MAM,0.5,0.2932330827067669,133,0.2067669172932331,0.0005838145380434783,0.022951341711956525
neuralgcm,ERA5,7,20,MAM,0.6,0.28378378378378377,74,0.3162162162162162,0.0004967730978260869,0.022951341711956525
neuralgcm,ERA5,7,20,MAM,0.7,0.40625,32,0.29374999999999996,0.00019955842391304344,0.022951341711956525
neuralgcm,ERA5,7,20,MAM,0.8,0.45,40,0.35000000000000003,0.0002972146739130435,0.022951341711956525
neuralgcm,ERA5,7,20,MAM,0.9,0.6,5,0.30000000000000004,3.184442934782609e-05,0.022951341711956525
neuralgcm,ERA5,7,20,MAM,1.0,,0,,,0.022951341711956525
